ticker,feature,group,n_valid,pct_nan,mean,std,min,p25,p50,p75,max
cl1s,ret_1d,A_returns_momentum,8170,0.012238404112108192,5.021906349282162e-05,0.025313667296506307,-0.5685888685284688,-0.011695151739541831,0.000710101625472026,0.012175019498079864,0.2239400470959494
cl1s,ret_5d,A_returns_momentum,8166,0.061192020560518756,0.0002680850632641891,0.05458485637660864,-0.8232244243159712,-0.02647638147724296,0.003414452400520851,0.029846602573599612,0.6882730855169219
cl1s,ret_10d,A_returns_momentum,8161,0.12238404112103751,0.0005404252306063225,0.07720017818885008,-1.0831759573848718,-0.03728696787672803,0.005579748908519644,0.044153045107793165,0.7527035629818071
cl1s,ret_20d,A_returns_momentum,8151,0.24476808224207502,0.0011601160484414816,0.1111005314040014,-0.9730323776282777,-0.05665435440947442,0.009687170331183381,0.06757285057063322,1.0007661621784616
cl1s,ret_60d,A_returns_momentum,8111,0.7343042467262251,0.0031017387795837232,0.20880140288795146,-1.8295589027993853,-0.09334738266071296,0.025259791070459947,0.11772893041220511,1.2362914228907476
cl1s,ret_20d_zscore,A_returns_momentum,7900,3.316607514380121,-0.036355633344128245,1.0921336601187392,-7.040700488383862,-0.6852403878986874,0.07261147623276656,0.6983951939786335,4.5052740990908315
cl1s,mom_12_1,A_returns_momentum,7919,3.084077836250154,0.003170702884978186,0.40690506270164906,-1.9886137212399826,-0.19755216529632436,0.020999841189340174,0.27757805372876376,1.6121607455916347
cl1s,roc_10d,A_returns_momentum,8161,0.12238404112103751,0.0034529438588668236,0.07586108616345984,-0.6614813043843216,-0.03660036906952113,0.0055953447008365575,0.04514229656442259,1.1227312033112828
cl1s,mom_3m_minus_1m,A_returns_momentum,8108,0.7710194590625385,0.0018463407174005774,0.17121896546051515,-1.8191652789406108,-0.07440500857316168,0.01926027873493852,0.0977252629886074,1.2138911535502939
cl1s,vol_cc_20d,B_volatility,8151,0.24476808224207502,0.02126597339728338,0.013762300725666083,0.005657998910969331,0.014495708953735618,0.018577202849624688,0.023646019852045126,0.19148447526857246
cl1s,vol_parkinson_20d,B_volatility,8152,0.23252967812996683,0.020328096384441018,0.013074854756953736,0.005281090956338952,0.014886769314807782,0.01845234702556086,0.022713865961237416,0.21440247896315195
cl1s,vol_garman_klass_20d,B_volatility,8152,0.23252967812996683,0.020407155916026185,0.01346133475327348,0.005366676989481633,0.015092143618670891,0.01853388044749673,0.022750181233113034,0.22530874610343352
cl1s,vol_rogers_satchell_20d,B_volatility,8152,0.23252967812996683,0.02030693600438457,0.013785118981675415,0.005272156077499282,0.014972893464282355,0.018405012156687467,0.022667569457606354,0.23453171029568545
cl1s,vol_yang_zhang_20d,B_volatility,8151,0.24476808224207502,0.021359335832044163,0.014556572721710547,0.0060473957190001594,0.015439335847820972,0.019010271617900972,0.023378178090824306,0.23319691193715172
cl1s,vol_of_vol_60d,B_volatility,8092,0.966833924856203,0.003950774763666394,0.007435686660339994,0.000384801672511932,0.0014517983888223587,0.0023886949865305337,0.004119942431619903,0.08459651747707779
cl1s,vol_yz_zscore_252d,B_volatility,7900,3.316607514380121,0.012116336838755348,1.3323413811490483,-2.7108459293966245,-0.9210868928821939,-0.3062761133120073,0.5346846221914787,7.149941072726084
cl1s,hl_range_close,B_volatility,8152,0.23252967812996683,0.03140875106321955,0.01754913608428728,0.008132646531448566,0.023356722091389892,0.028778157056061113,0.035273404196026314,0.2643221830446895
cl1s,amihud_20d,C_microstructure,7744,5.225798555868311,1.0613952305181568e-08,2.130769375955446e-08,1.661798289186469e-10,5.409906757670078e-10,3.868201269764375e-09,1.5218542436042772e-08,3.336293957883884e-07
cl1s,roll_spread_20d,C_microstructure,8150,0.2570064863541832,0.43735714083199084,0.7818288553525333,0.0,0.0,0.02466951730061952,0.5659488623903862,6.3146443076031975
cl1s,volume_zscore_20d,C_microstructure,8152,0.23252967812996683,0.01947681877712529,1.0259774399465444,-3.480979141486406,-0.6684328204295169,-0.027295959888292493,0.6530234811529977,4.226681747773319
cl1s,dollar_volume_log,C_microstructure,8131,0.48953616448415005,15.382938364556,1.6618844485849305,6.569130727687007,13.761698837340067,15.206728737215627,17.01211944167637,18.297034236322514
cl1s,kyle_lambda_20d,C_microstructure,7744,5.225798555868311,1.3848847400255049e-05,0.00012139339630582147,-0.001029400637572143,-2.9481295464093124e-05,2.48233013609492e-05,6.377956329464837e-05,0.0009176421290304674
cl1s,rsi_14,D_meanrev_trend,8169,0.024476808224205282,51.05162693430023,12.649107302918202,13.768360419385644,42.239817518102896,51.54165286079724,60.388179942345566,97.43833017077799
cl1s,bb_position_20_2,D_meanrev_trend,8152,0.23252967812996683,0.05081172028217169,0.6582910005827076,-1.787863760897773,-0.5096921101908943,0.09511994666957352,0.6161690687126773,1.8131815965449318
cl1s,macd_signal,D_meanrev_trend,8171,0.0,0.011056012603383283,1.6902928301474074,-14.16060633231707,-0.4466889145761412,0.09206975118730507,0.6201459957689499,7.1338293196949465
cl1s,macd_histogram,D_meanrev_trend,8171,0.0,0.00012553572311828172,0.4313733846460482,-3.4533669615071227,-0.145202574962455,0.010861005970458755,0.1640782489973132,2.5917436275557737
cl1s,adx_14,D_meanrev_trend,8170,0.012238404112108192,25.469607805554098,10.36194299485358,6.757138809089733,17.76774557205376,23.80864667709507,30.98638603354858,100.0
cl1s,williams_r_14,D_meanrev_trend,8158,0.159099253457351,-46.95486962205223,31.39545767185076,-100.0,-76.38570324901542,-44.63609484931888,-17.068057186383196,-0.0
cl1s,distance_from_200d_ma,D_meanrev_trend,7972,2.435442418308653,0.16290951699026615,2.979965901234394,-12.888376596721542,-1.8967485377396875,0.40468014800702706,2.423680748236209,9.144079390193868
cl1s,cci_20,D_meanrev_trend,8133,0.46505935625994477,5.578151645559264,85.19584971675471,-416.36554300661436,-56.48742521784415,10.792253376423607,68.8154868684933,364.1881304378739
cl1s,dominant_cycle_period,F_spectral_fractal,8112,0.722065842614128,16.301924181177142,4.075766114608201,4.285714285714286,12.0,15.0,20.0,20.0
cl1s,spectral_entropy,F_spectral_fractal,8112,0.722065842614128,0.8822754809084419,0.02659873972553159,0.7681621907335039,0.8652953907582072,0.884078918368066,0.9009243572089425,0.9553516484085403
cl1s,hurst_90d,F_spectral_fractal,8082,1.0892179659772405,0.6081910662291474,0.10184916200069401,0.2484459984432011,0.5398357665623477,0.606097131946354,0.6778471755264077,0.9490299188355998
cl1s,dfa_alpha_90d,F_spectral_fractal,8082,1.0892179659772405,0.6463371066704675,0.10504211033655853,0.2503802665369548,0.5763369405518939,0.6449478217114255,0.7132815600040661,1.0455450022313209
cl1s,approx_entropy_20d,F_spectral_fractal,8152,0.23252967812996683,0.0737550988639316,0.09035579117276976,-0.05406722127027619,0.018895639841296497,0.08780500866889396,0.12833993150865686,0.5874573670258947
cl1s,primary_signal,H_signal_interaction,628,92.31428221759883,0.5573248407643312,0.6016143960636341,-1.0,0.0,1.0,1.0,1.0
cl1s,signal_changed,H_signal_interaction,628,92.31428221759883,0.1178343949044586,0.3226689307617014,0.0,0.0,0.0,0.0,1.0
cl1s,signal_persistence,H_signal_interaction,628,92.31428221759883,13.375796178343949,15.652899314211622,0.0,2.0,7.0,19.0,70.0
cl1s,signal_trend_concord,H_signal_interaction,628,92.31428221759883,0.10509554140127389,0.8136237234895904,-1.0,-1.0,-0.0,1.0,1.0
cl1s,signal_density_20d,H_signal_interaction,609,92.5468118957288,0.6736453201970444,0.28625160132039623,0.0,0.45,0.7,0.95,1.0
cl1s,day_of_year_sin,I_seasonality,8171,0.0,0.0076267109105576224,0.7112807978969204,-0.9999994220246925,-0.7142921172691032,0.03439806061360801,0.7187918772884232,0.9999855506507186
cl1s,day_of_year_cos,I_seasonality,8171,0.0,-0.008318088980311672,0.7029044406261201,-0.9999791929590823,-0.7090032027098047,-0.011826390691832589,0.6874571793269664,0.9999907524084426
cl1s,heating_season,I_seasonality,8171,0.0,0.2456274024447858,0.33221371786100745,0.0,0.0,0.0,0.3763440860215054,0.9892473118279573
cl1s,driving_season_progress,I_seasonality,8171,0.0,0.16914790440358835,0.3145855502494073,0.0,0.0,0.0,0.31182795698924737,0.978494623655914
cl1s,hurricane_season_indicator,I_seasonality,8171,0.0,0.21061109115242338,0.3270690825082,0.0,0.0,0.0,0.31182795698924737,0.989247311827957
cl1s,quarter_progress,I_seasonality,8171,0.0,0.5010339889164562,0.2903394444872006,0.0,0.25274725274725274,0.4945054945054945,0.7555555555555555,1.0
cl1s,skew_20d,J_higher_moments_range,8151,0.24476808224207502,-0.126049539675134,0.6692147273488439,-3.3786125073842506,-0.5002294401155178,-0.10664876207393188,0.26308645186633406,3.1022556293335275
cl1s,skew_60d,J_higher_moments_range,8111,0.7343042467262251,-0.18643570410657168,0.6802172811181227,-4.854436169038534,-0.4375958151385611,-0.16117306648950736,0.12414652771833037,2.7558410117800087
cl1s,kurt_20d,J_higher_moments_range,8151,0.24476808224207502,0.46725958296675296,1.6287191281290827,-1.6204824156948305,-0.5228689202297354,0.029906470079231886,0.9067461673502701,13.420990425474116
cl1s,downside_vol_20d,J_higher_moments_range,8151,0.24476808224207502,0.012870280256671,0.011721489243125853,0.0015321283216906357,0.00768889217238119,0.010556469827480989,0.014490213611307576,0.1967814007204625
cl1s,price_range_position_60d,J_higher_moments_range,8112,0.722065842614128,0.5368679720597441,0.31431348156747596,0.0015785645763109187,0.24971460328858489,0.5602008750546061,0.8355997633394171,1.0
cl1s,range_position_5d_chg,J_higher_moments_range,8107,0.7832578631746467,0.0002826459657946257,0.17305659942240337,-0.8164845304707028,-0.09446778197175384,0.004216779841599516,0.10019450541523872,0.7440491112018437
cl1s,return_vol_correl_60d,J_higher_moments_range,8091,0.9790723289683001,-0.08008169579665829,0.21726224273004402,-0.869808606381976,-0.23715680056423033,-0.08884287475565816,0.0639195721866766,0.6331804187932181
cl1s,return_autocorr_30d,J_higher_moments_range,8142,0.35491371925100434,-0.04688037637336914,0.16689376464864183,-0.5528358225488004,-0.15752342827523286,-0.04282469345153479,0.06566185423549593,0.6802739457350098
cl1s,hmm_p_state0,E_latent_regime,8151,0.24476808224207502,0.2273608239524498,0.406213304884886,1.7280305180994597e-69,1.173187757526483e-05,2.9462711885427082e-05,0.10547084072874982,1.0
cl1s,hmm_p_state1,E_latent_regime,8151,0.24476808224207502,0.7726391760475898,0.40621330488490687,0.0,0.8945291592709175,0.9999705372876867,0.9999882681219491,1.0
cl1s,hmm_state_persistence,E_latent_regime,8151,0.24476808224207502,195.83511225616488,199.06681690822322,0.0,39.0,123.0,300.0,880.0
cl1s,gmm_logdensity,E_latent_regime,8151,0.24476808224207502,4.8608290326083665,5.869397171023842,-136.8095128101194,4.696614685974238,5.696976406601043,6.237872599461443,6.58939789827265
cl1s,gmm_argmax,E_latent_regime,8151,0.24476808224207502,0.8806281437860385,0.32424545423093476,0.0,1.0,1.0,1.0,1.0
cl1s,corr_basket_60d,G_cross_sectional,8051,1.4686084934524501,0.7490574013577009,0.11828426860671945,0.2627537077334389,0.680629844414106,0.7677128330544691,0.8358952797251418,0.9681285426270282
cl1s,xs_rank_5d,G_cross_sectional,8166,0.061192020560518756,0.6241989141970774,0.2530928898669062,0.25,0.5,0.6666666666666666,0.75,1.0
cl1s,xs_dispersion_20d,G_cross_sectional,8150,0.2570064863541832,0.06462054370767496,0.0482385557762007,0.0025941544977274404,0.03245478022115819,0.053500591890003446,0.08337773909045727,0.5504127265629858
cl1s,leadlag_anchor,G_cross_sectional,0,100.0,,,,,,,
cl1s,vol_ratio_basket,G_cross_sectional,8150,0.2570064863541832,0.9184107828974352,0.2435865990665359,0.37573116833338827,0.7650937842101342,0.8942174640570562,1.0350724055838147,3.3348069252427814
cl1s,beta_basket_60d,G_cross_sectional,8051,1.4686084934524501,0.8689968822782517,0.27424318842311,0.2021442369858541,0.6744657189554255,0.8357995955901674,1.0474241913998636,2.041000413954486
ho1s,ret_1d,A_returns_momentum,8168,0.012241400416213022,0.00019091860470836898,0.022102336809550326,-0.39094226529499737,-0.011127114088668552,0.0003859386102117307,0.011831191483389084,0.13994177636700744
ho1s,ret_5d,A_returns_momentum,8164,0.061207002081042905,0.0010336151982976577,0.048679433341726204,-0.38158247951657576,-0.02521559971838294,0.0020034763843173042,0.028208763738114262,0.3422944821038375
ho1s,ret_10d,A_returns_momentum,8159,0.12241400416207471,0.002145341448194783,0.06755148663836971,-0.4742390405535009,-0.03628025638084709,0.0038741263064997478,0.04108756874798458,0.4638252918733885
ho1s,ret_20d,A_returns_momentum,8149,0.24482800832414942,0.004471599218504609,0.09737095104320037,-0.5786707302438913,-0.05106083106740433,0.006420207780877318,0.06216922504285605,0.4975434827455393
ho1s,ret_60d,A_returns_momentum,8109,0.7344840249724593,0.013131026668026733,0.18180302541840498,-0.9217295745700644,-0.07293922477165715,0.019070382389350382,0.11665477022099102,0.7650002998279837
ho1s,ret_20d_zscore,A_returns_momentum,7898,3.3174195127922634,-0.017801086161926463,1.0814520578610156,-5.529629043783368,-0.6730369084610668,0.025561320415673786,0.7013399853225055,4.623272280246848
ho1s,mom_12_1,A_returns_momentum,7917,3.084832904884316,0.03138438770319857,0.36189719075573723,-1.1707589261917066,-0.1850225431732967,0.012188638473788815,0.2741888174998195,1.0923569541524316
ho1s,roc_10d,A_returns_momentum,8159,0.12241400416207471,0.004425969370313764,0.06760534313269882,-0.37764153412679,-0.03563001509398067,0.003881640434245659,0.04194334362968111,0.5901451348931241
ho1s,mom_3m_minus_1m,A_returns_momentum,8106,0.7712082262210762,0.008713363110918125,0.14735734475806564,-0.8534856308240829,-0.0671831317530618,0.015937060842309614,0.09094219671722265,0.6468435774974777
ho1s,vol_cc_20d,B_volatility,8149,0.24482800832414942,0.019767754322451824,0.009822324205344929,0.005370442150257774,0.013597464324158582,0.017793611978852,0.02312479619895034,0.10532926371510747
ho1s,vol_parkinson_20d,B_volatility,8150,0.2325866079079475,0.018670153255037295,0.007632057760218674,0.005930342114446033,0.013880435311647493,0.01754172615221978,0.02173135995401619,0.07334848848198276
ho1s,vol_garman_klass_20d,B_volatility,8150,0.2325866079079475,0.01854014112194823,0.0074289430562249304,0.006091805444689514,0.014053437427274452,0.01744747686859367,0.021307880362789793,0.069757100956337
ho1s,vol_rogers_satchell_20d,B_volatility,8150,0.2325866079079475,0.018426233261142705,0.007376197470282688,0.006019540023754298,0.014054854515146568,0.01727536719020386,0.021181146946582102,0.07142701533771594
ho1s,vol_yang_zhang_20d,B_volatility,8149,0.24482800832414942,0.01951678579824861,0.008555349289666675,0.006035811369800564,0.014611211061940186,0.018032516030052535,0.02202914881054344,0.08554189239058965
ho1s,vol_of_vol_60d,B_volatility,8090,0.9670706328804068,0.0028787759819686987,0.003284267221965272,0.00040228753915113555,0.0012317270512653723,0.0019150290123401972,0.003289526557748331,0.026531282236996873
ho1s,vol_yz_zscore_252d,B_volatility,7898,3.3174195127922634,-0.04382158262152062,1.3003013390923444,-2.9603369999744578,-0.9445211718764296,-0.3268081346710937,0.528422286489,7.290619497495121
ho1s,hl_range_close,B_volatility,8150,0.2325866079079475,0.029021449018097185,0.01159091431192252,0.009626388025331101,0.02177148819838414,0.02732880297409975,0.03372542987894607,0.10916627654003981
ho1s,amihud_20d,C_microstructure,7516,7.993634471783572,1.2028975807282498e-06,4.455356381027733e-06,3.1097649657307535e-08,1.1146921691806671e-07,4.100265063259124e-07,1.4463403777692468e-06,8.202765290038879e-05
ho1s,roll_spread_20d,C_microstructure,8148,0.25706940874036244,0.013444280919726633,0.021173702092122933,0.0,0.0,0.0,0.019974845527266277,0.1879954759875823
ho1s,volume_zscore_20d,C_microstructure,8150,0.2325866079079475,0.0047631064148432635,1.0278617399473826,-3.4986316758176956,-0.6626950417438486,-0.0031815045951260963,0.6586999716536491,3.7521168828057294
ho1s,dollar_volume_log,C_microstructure,8105,0.7834496266372892,10.410582962638848,1.3191996739129614,0.5045861948180581,9.144864775921537,10.691806202005962,11.625568428373494,12.900379038097748
ho1s,kyle_lambda_20d,C_microstructure,7516,7.993634471783572,0.00020201372388148808,0.0002269743709979234,-0.0006733016614845836,5.579975993618888e-05,0.00014660028844253522,0.00030738792677225253,0.001702844005547312
ho1s,rsi_14,D_meanrev_trend,8167,0.02448280083241494,50.88883664800635,12.541741934540797,15.153321896134415,42.53476321792444,51.27298614648553,59.73913808786971,92.90462036973771
ho1s,bb_position_20_2,D_meanrev_trend,8150,0.2325866079079475,0.0455163221802225,0.6574842275066732,-1.8802551507398628,-0.5003696080004524,0.07833593656715901,0.5926027764691346,1.9434029909916728
ho1s,macd_signal,D_meanrev_trend,8169,0.0,0.002580145259211307,0.04783533864218003,-0.31219705573775247,-0.01482648442219508,0.002444391969355932,0.022870576777551558,0.23836587976821727
ho1s,macd_histogram,D_meanrev_trend,8169,0.0,5.788029724571204e-05,0.013163586993516893,-0.07403573067280607,-0.005284754769017672,8.096435095383044e-05,0.005958847067092611,0.11033647006659686
ho1s,adx_14,D_meanrev_trend,8168,0.012241400416213022,25.296941833179208,10.474355978230275,6.883737236006809,17.640653889743703,22.91466996760161,30.78632442426627,100.0
ho1s,williams_r_14,D_meanrev_trend,8156,0.15913820541070267,-48.66370621343627,31.43643483638388,-100.0,-78.05024107255795,-47.7059093999103,-18.93573168478809,-0.0
ho1s,distance_from_200d_ma,D_meanrev_trend,7970,2.4360386828253144,0.19620043968590864,2.8269812814848563,-12.83454464160818,-1.7779457691688831,0.386636934783429,2.3586109675134246,8.15123984328622
ho1s,cci_20,D_meanrev_trend,8131,0.4651732158158839,5.431864490945122,86.2899640043732,-338.64305035617707,-57.18816390607399,8.427350833040313,69.87034549286903,522.2015749571759
ho1s,dominant_cycle_period,F_spectral_fractal,8110,0.7222426245562463,16.376309859478788,4.090676142766782,2.0,15.0,20.0,20.0,20.0
ho1s,spectral_entropy,F_spectral_fractal,8110,0.7222426245562463,0.8805357607874763,0.02917026021270402,0.7097100890927288,0.863654750694164,0.8830708263421977,0.9007879653369089,0.9593997785533664
ho1s,hurst_90d,F_spectral_fractal,8080,1.0894846370424816,0.61689739649142,0.10601018371196913,0.22583058747261947,0.5442996805711987,0.6189723238646961,0.6858573303731472,1.0828712555932716
ho1s,dfa_alpha_90d,F_spectral_fractal,8080,1.0894846370424816,0.6525671492079836,0.11486913493800932,0.24412028268214625,0.572935767719425,0.6485944054447463,0.7235409694494741,1.1262542435641747
ho1s,approx_entropy_20d,F_spectral_fractal,8150,0.2325866079079475,0.0733642819827652,0.0878149782838274,-0.05406722127027619,0.018895639841296497,0.08780500866889396,0.12237856179653717,0.45392985908236705
ho1s,primary_signal,H_signal_interaction,628,92.31240053862162,0.06847133757961783,0.3094877500624514,-1.0,0.0,0.0,0.0,1.0
ho1s,signal_changed,H_signal_interaction,628,92.31240053862162,0.09076433121019108,0.28750267489503606,0.0,0.0,0.0,0.0,1.0
ho1s,signal_persistence,H_signal_interaction,628,92.31240053862162,28.514331210191084,30.075791316538325,0.0,4.0,16.5,47.0,112.0
ho1s,signal_trend_concord,H_signal_interaction,628,92.31240053862162,-0.042993630573248405,0.3140494683006293,-1.0,0.0,0.0,0.0,1.0
ho1s,signal_density_20d,H_signal_interaction,609,92.54498714652956,0.10229885057471265,0.15395969658653771,0.0,0.0,0.05,0.15,0.7
ho1s,day_of_year_sin,I_seasonality,8169,0.0,0.00774948149730241,0.711291895540154,-0.9999994220246925,-0.7142921172691032,0.03439806061360801,0.7187918772884232,0.9999855506507186
ho1s,day_of_year_cos,I_seasonality,8169,0.0,-0.008152810082215146,0.7028938255983689,-0.9999791929590823,-0.7074868024503348,-0.011826390691832589,0.6874571793269664,0.9999907524084426
ho1s,heating_season,I_seasonality,8169,0.0,0.2456875389125162,0.3322321503562182,0.0,0.0,0.0,0.3763440860215054,0.9892473118279573
ho1s,driving_season_progress,I_seasonality,8169,0.0,0.16918536770929177,0.3146148473464107,0.0,0.0,0.0,0.31182795698924737,0.978494623655914
ho1s,hurricane_season_indicator,I_seasonality,8169,0.0,0.21051720574898283,0.32705263532990003,0.0,0.0,0.0,0.31182795698924737,0.989247311827957
ho1s,quarter_progress,I_seasonality,8169,0.0,0.5010584558249682,0.2903169921491967,0.0,0.25274725274725274,0.4945054945054945,0.7555555555555555,1.0
ho1s,skew_20d,J_higher_moments_range,8149,0.24482800832414942,-0.06899348505060747,0.667875491985337,-3.7484650673997573,-0.44180871884630374,-0.04944986047243192,0.320008692521748,2.7999717449411596
ho1s,skew_60d,J_higher_moments_range,8109,0.7344840249724593,-0.12983722613531257,0.6917952675779906,-5.507360719850731,-0.36815891930020694,-0.085004473385665,0.21111139632453335,2.721005229825837
ho1s,kurt_20d,J_higher_moments_range,8149,0.24482800832414942,0.4391423906720774,1.5932554019946845,-1.6213561233336156,-0.5365658476462686,0.025652104573746892,0.8566440927941577,15.74740769563658
ho1s,downside_vol_20d,J_higher_moments_range,8148,0.25706940874036244,0.011647378057961027,0.008578449659954185,0.0011297189488494702,0.00729863178174323,0.010077288982443358,0.01358559430554215,0.11638873282594157
ho1s,price_range_position_60d,J_higher_moments_range,8110,0.7222426245562463,0.5260197775208122,0.3150656616374195,0.0,0.23683398217110124,0.5518677377749077,0.8202486541240698,1.0
ho1s,range_position_5d_chg,J_higher_moments_range,8105,0.7834496266372892,0.00031843729003309506,0.17875658718819798,-0.8141668767130756,-0.09733705413515042,0.0021207742540787396,0.10366565664048843,0.7186895035046476
ho1s,return_vol_correl_60d,J_higher_moments_range,8089,0.9793120332966088,-0.03147490182865564,0.20478797091789705,-0.7548425985037353,-0.174781920365957,-0.039843123335272734,0.11865466820708451,0.6784857950802733
ho1s,return_autocorr_30d,J_higher_moments_range,8140,0.3550006120700222,-0.04220978667473915,0.17999482544932938,-0.6890706507275272,-0.16675229592664276,-0.03950553062071868,0.07877025022792394,0.6431801299459919
ho1s,hmm_p_state0,E_latent_regime,8149,0.24482800832414942,0.6909087014944808,0.44527189853551347,4.123798550627069e-232,0.019615231746127188,0.9998343765274431,0.9999734559490729,0.9999850381746614
ho1s,hmm_p_state1,E_latent_regime,8149,0.24482800832414942,0.30909129850553835,0.44527189853550675,1.4961827811224021e-05,2.654404788926502e-05,0.0001656234734803767,0.9803847682525212,1.0
ho1s,hmm_state_persistence,E_latent_regime,8149,0.24482800832414942,143.66707571481163,172.49913938883532,0.0,27.0,78.0,193.0,893.0
ho1s,gmm_logdensity,E_latent_regime,8149,0.24482800832414942,5.3153998488587195,1.7127397647263314,-14.355927111790649,4.9202217203547125,5.847714458303866,6.365413326245851,6.726557957893051
ho1s,gmm_argmax,E_latent_regime,8149,0.24482800832414942,0.8759356976316113,0.3296751257678072,0.0,1.0,1.0,1.0,1.0
ho1s,corr_basket_60d,G_cross_sectional,8109,0.7344840249724593,0.7693862330028415,0.10851135507648116,0.32405804614980865,0.7100691287905887,0.7849491210931848,0.8517367143095412,0.9622821894519862
ho1s,xs_rank_5d,G_cross_sectional,8164,0.061207002081042905,0.6317981381675649,0.23856986153140122,0.25,0.5,0.75,0.75,1.0
ho1s,xs_dispersion_20d,G_cross_sectional,8149,0.24482800832414942,0.06462728959935848,0.048237671189582325,0.0025941544977274404,0.0324587045110041,0.0535025793338068,0.08337862514104238,0.5504127265629858
ho1s,leadlag_anchor,G_cross_sectional,8108,0.7467254253886613,-0.035551716295550345,0.13474882520671436,-0.5069968162103553,-0.12415878878768297,-0.03861719218676929,0.047185713553184364,0.5258663656836781
ho1s,vol_ratio_basket,G_cross_sectional,8149,0.24482800832414942,0.8382522360696376,0.1623867219853698,0.4094694200817486,0.7291742224511192,0.8252145181527341,0.92419978448496,1.6268856981759277
ho1s,beta_basket_60d,G_cross_sectional,8109,0.7344840249724593,0.8188598157605845,0.2000018596405592,0.2522937130556619,0.6749896207363006,0.8255699077863159,0.95250698065465,1.4643465369515545
rb1s,ret_1d,A_returns_momentum,8169,0.012239902080779519,0.0003379262064159095,0.02394868855309668,-0.38535160550793224,-0.011779905873909868,0.0010375222450786925,0.013399959010752527,0.22396625847068963
rb1s,ret_5d,A_returns_momentum,8165,0.0611995104039198,0.001740863127614116,0.053196121695465115,-0.5545175722643991,-0.0259808674920467,0.003683556643637509,0.033751475171838186,0.29197634952098694
rb1s,ret_10d,A_returns_momentum,8160,0.1223990208078285,0.0034823660833148687,0.07555264679394552,-1.0155227472071464,-0.03675869067267315,0.007836777523197419,0.04754630434779933,0.49474259111269037
rb1s,ret_20d,A_returns_momentum,8150,0.2447980416156681,0.007119817233527967,0.11234717757302695,-1.425580453652354,-0.0505981173949181,0.014876518091191934,0.072662569922258,0.6428679615270939
rb1s,ret_60d,A_returns_momentum,8110,0.7343941248470043,0.021085571881232543,0.20142503266281786,-1.5084997739938661,-0.07048976163634213,0.03266942655010452,0.13695331557232684,0.8158375396049278
rb1s,ret_20d_zscore,A_returns_momentum,7899,3.3170134638922932,-0.03629936835000443,1.0777066494334233,-7.425153328255883,-0.6666587745366919,0.08108556287305219,0.6896508133377035,3.4631061716738545
rb1s,mom_12_1,A_returns_momentum,7918,3.0844553243574047,0.0663514521970646,0.35693727998024066,-1.5236612396717024,-0.13762739432324625,0.0851245962174695,0.2974748419635097,1.3359407116228121
rb1s,roc_10d,A_returns_momentum,8160,0.1223990208078285,0.00624376487465974,0.07252259740351778,-0.6377869655183094,-0.03609129251706428,0.007867565438456903,0.048694760389066116,0.6400760145751931
rb1s,mom_3m_minus_1m,A_returns_momentum,8107,0.7711138310893539,0.014286090789980927,0.16879288420934344,-1.4353084780565322,-0.0609606121850281,0.028321443275720837,0.10565832986184409,0.8272206790891624
rb1s,vol_cc_20d,B_volatility,8150,0.2447980416156681,0.021207872175621267,0.010937165809010933,0.004673834857720134,0.01505086265933328,0.019415915734954076,0.024064212497911738,0.1411804163714337
rb1s,vol_parkinson_20d,B_volatility,8151,0.23255813953488857,0.020124753673547796,0.009443551450092028,0.006815833097536782,0.01514550170526911,0.01883669623337614,0.02281323932143523,0.12831448064629364
rb1s,vol_garman_klass_20d,B_volatility,8151,0.23255813953488857,0.02000321402090724,0.009389025384911522,0.006668587477633498,0.015313313228279835,0.01866670107269999,0.022353710523127544,0.1254331698454477
rb1s,vol_rogers_satchell_20d,B_volatility,8151,0.23255813953488857,0.01990209484824164,0.00944859300520366,0.006591833811910028,0.015258568117249523,0.018594919614386862,0.0221062956908371,0.12535888808113826
rb1s,vol_yang_zhang_20d,B_volatility,8150,0.2447980416156681,0.021013286372775986,0.010446845048698502,0.006783499002177032,0.015800987217230167,0.019368796351025085,0.02296121508216224,0.13164567455208598
rb1s,vol_of_vol_60d,B_volatility,8091,0.9669522643818818,0.0032036375081588293,0.004536688364231738,0.00035438943478634753,0.001355660609116638,0.0021035648490105325,0.0033142401646197904,0.04466282664271298
rb1s,vol_yz_zscore_252d,B_volatility,7899,3.3170134638922932,0.011900972475179926,1.3083228698152598,-3.1641160326688573,-0.8432680970887568,-0.31843438925405526,0.6578629174223317,7.169025496399298
rb1s,hl_range_close,B_volatility,8151,0.23255813953488857,0.031349611621221664,0.01433876239406159,0.010732944271532678,0.02376147146714966,0.029459373429123505,0.03536050627825214,0.20516443500053913
rb1s,amihud_20d,C_microstructure,7554,7.539779681762548,9.278649535961546e-07,1.1917941549874189e-06,3.043495355613017e-08,1.2373077517555297e-07,4.418454008830058e-07,1.39331901737285e-06,1.1245470520437298e-05
rb1s,roll_spread_20d,C_microstructure,8149,0.2570379436964476,0.031105795104451703,0.054063656524579604,0.0,0.0,0.0,0.044990978260376915,0.35735447558693567
rb1s,volume_zscore_20d,C_microstructure,8151,0.23255813953488857,0.010077295974405511,1.0254490426619893,-3.6804779477938734,-0.6616197510783981,0.012336337363226965,0.6704191255226948,4.220851417931678
rb1s,dollar_volume_log,C_microstructure,8105,0.795593635250913,10.415357899755392,1.2978170685236252,4.830766726437151,9.150554903182991,10.57475981774887,11.645285047004812,13.132247140618983
rb1s,kyle_lambda_20d,C_microstructure,7554,7.539779681762548,0.0002552267581495095,0.00028681828916289165,-0.0013913465358058755,8.32047242873364e-05,0.00021259708975908655,0.00037623169799731347,0.002280049131114007
rb1s,rsi_14,D_meanrev_trend,8168,0.02447980416157014,51.74947114668524,12.349867165227762,12.167408646294717,43.222301729617364,52.28300563843731,60.35863593520935,91.20500085210351
rb1s,bb_position_20_2,D_meanrev_trend,8151,0.23255813953488857,0.07854189077365031,0.6508145721778327,-1.8858674992493543,-0.4706775167391991,0.1339909978064494,0.6300080020388774,1.8111915253750797
rb1s,macd_signal,D_meanrev_trend,8170,0.0,0.008798165067080742,0.1213673440730543,-0.8147848328958951,-0.01944528041178529,0.007947939215411579,0.06093707842458712,0.561914354768006
rb1s,macd_histogram,D_meanrev_trend,8170,0.0,6.938416120410167e-05,0.03368108881961988,-0.2496759904017949,-0.010303437623819842,0.0005942139057964002,0.013414477575181567,0.19671783667355475
rb1s,adx_14,D_meanrev_trend,8169,0.012239902080779519,24.33729070345345,10.047764960551847,8.018759908985125,17.353670866001092,22.186994515116258,28.87628902593001,100.0
rb1s,williams_r_14,D_meanrev_trend,8157,0.15911872705017815,-45.9438739569557,31.3008854105738,-99.99999999999999,-75.48761808830848,-42.81030507187507,-16.641224545878174,-0.0
rb1s,distance_from_200d_ma,D_meanrev_trend,7971,2.4357405140758903,0.5353103158497524,2.728477345826808,-12.448225686639992,-1.3114400360699516,0.8466186256432487,2.586890048322723,8.344810831129301
rb1s,cci_20,D_meanrev_trend,8132,0.46511627906976605,10.259085069269114,85.06705811616332,-302.81456432223814,-51.33200855107235,15.529973069103299,73.04210000215383,319.3233741833354
rb1s,dominant_cycle_period,F_spectral_fractal,8111,0.7221542227662137,16.201305515732127,4.110624513876426,2.0,12.0,15.0,20.0,20.0
rb1s,spectral_entropy,F_spectral_fractal,8111,0.7221542227662137,0.8799268844683378,0.028993692745144663,0.7220660372961022,0.8638303457386995,0.8830102985813635,0.8999393428934858,0.9511835872778858
rb1s,hurst_90d,F_spectral_fractal,8081,1.0893512851897214,0.6062097123146495,0.10592914214897109,0.17423608735728788,0.5368201811486809,0.6062721055606559,0.6751823405616451,1.1304442254333147
rb1s,dfa_alpha_90d,F_spectral_fractal,8081,1.0893512851897214,0.6605851301865915,0.1114227635718745,0.26820499251997226,0.5862670966871978,0.6596375824518893,0.7323802964241726,1.2018425685735454
rb1s,approx_entropy_20d,F_spectral_fractal,8151,0.23255813953488857,0.06789328315884684,0.08531720296876309,-0.05406722127027619,0.018895639841296497,0.07671733924488144,0.09652153710981759,0.632245352258483
rb1s,primary_signal,H_signal_interaction,628,92.31334149326806,0.16878980891719744,0.9864377619199249,-1.0,-1.0,1.0,1.0,1.0
rb1s,signal_changed,H_signal_interaction,628,92.31334149326806,0.10031847133757962,0.30066363680561875,0.0,0.0,0.0,0.0,1.0
rb1s,signal_persistence,H_signal_interaction,628,92.31334149326806,21.421974522292995,29.26246995605761,0.0,3.0,9.0,27.0,128.0
rb1s,signal_trend_concord,H_signal_interaction,628,92.31334149326806,0.022292993630573247,1.0005484126912751,-1.0,-1.0,1.0,1.0,1.0
rb1s,signal_density_20d,H_signal_interaction,609,92.54589963280294,1.0,0.0,1.0,1.0,1.0,1.0,1.0
rb1s,day_of_year_sin,I_seasonality,8170,0.0,0.007634746685372714,0.7113239610047439,-0.9999994220246925,-0.7142921172691032,0.03439806061360801,0.7187918772884232,0.9999855506507186
rb1s,day_of_year_cos,I_seasonality,8170,0.0,-0.00819691431590249,0.7028621076591581,-0.9999791929590823,-0.7074868024503348,-0.011826390691832589,0.6874571793269664,0.9999907524084426
rb1s,heating_season,I_seasonality,8170,0.0,0.2456574669983286,0.33222293446909695,0.0,0.0,0.0,0.3763440860215054,0.9892473118279573
rb1s,driving_season_progress,I_seasonality,8170,0.0,0.16916465958594912,0.31460115835424846,0.0,0.0,0.0,0.31182795698924737,0.978494623655914
rb1s,hurricane_season_indicator,I_seasonality,8170,0.0,0.2105565865150498,0.3270519880025445,0.0,0.0,0.0,0.31182795698924737,0.989247311827957
rb1s,quarter_progress,I_seasonality,8170,0.0,0.5010899348093523,0.2903131658454112,0.0,0.25274725274725274,0.4945054945054945,0.7555555555555555,1.0
rb1s,skew_20d,J_higher_moments_range,8150,0.2447980416156681,-0.13085554835514832,0.6255560935723498,-3.670846892290279,-0.5140284969143174,-0.12393668233253644,0.24133370225091794,2.7810061736937604
rb1s,skew_60d,J_higher_moments_range,8110,0.7343941248470043,-0.19894829629706698,0.6068983881892999,-5.170111463298518,-0.449634521930636,-0.18070387026967122,0.06252383255201331,2.622239753518623
rb1s,kurt_20d,J_higher_moments_range,8150,0.2447980416156681,0.32295374104420943,1.4063015269791324,-1.7237693287080669,-0.5451842497364856,-0.037418260689269775,0.7639404699050004,15.33115622415279
rb1s,downside_vol_20d,J_higher_moments_range,8150,0.2447980416156681,0.01274446602338889,0.009574803878855028,0.0010128392667495478,0.007970078198390362,0.010751639266738779,0.015050082967408543,0.11872999818114076
rb1s,price_range_position_60d,J_higher_moments_range,8111,0.7221542227662137,0.5540014708963074,0.30810775711316785,0.0,0.281716533154861,0.591818794447783,0.8363854187720758,1.0
rb1s,range_position_5d_chg,J_higher_moments_range,8106,0.7833537331701335,0.00014650788994905768,0.17952882455993535,-0.7657801434651436,-0.10258979535479835,0.00316085344020706,0.10817830354841737,0.7643358862759669
rb1s,return_vol_correl_60d,J_higher_moments_range,8090,0.9791921664626724,-0.08368476420999234,0.19011618040288486,-0.7918474375771404,-0.22427477574128213,-0.09356246242929973,0.04229463304035072,0.6360840119383641
rb1s,return_autocorr_30d,J_higher_moments_range,8141,0.35495716034271707,-0.02195385910414069,0.18207112543481035,-0.6030347217438683,-0.14258750313003307,-0.016488862967086758,0.10071356154747739,0.6153672485541947
rb1s,hmm_p_state0,E_latent_regime,8150,0.2447980416156681,0.17098945636889243,0.364913235520128,7.5134642025614106e-06,1.1411338240187108e-05,2.3495040624056478e-05,0.0015132270243828978,1.0
rb1s,hmm_p_state1,E_latent_regime,8150,0.2447980416156681,0.829010543631115,0.36491323552008087,1.8282002321805645e-152,0.9984867729786941,0.9999765049610498,0.9999885886587336,0.9999924865324238
rb1s,hmm_state_persistence,E_latent_regime,8150,0.2447980416156681,383.55877300613497,451.8691755268911,0.0,55.0,164.0,555.0,1780.0
rb1s,gmm_logdensity,E_latent_regime,8150,0.2447980416156681,5.205456165588363,2.182941769544011,-25.866678604624198,4.942813436028465,5.820618237974015,6.3005749579876875,6.644605327989194
rb1s,gmm_argmax,E_latent_regime,8150,0.2447980416156681,0.09018404907975461,0.28646283388983274,0.0,0.0,0.0,0.0,1.0
rb1s,corr_basket_60d,G_cross_sectional,8110,0.7343941248470043,0.7119206131431357,0.12826101525049036,0.2305845116440164,0.6249208909975865,0.7325613023010806,0.8119896288078383,0.9671347450781307
rb1s,xs_rank_5d,G_cross_sectional,8165,0.0611995104039198,0.6447285160236783,0.27003303179181365,0.25,0.5,0.75,1.0,1.0
rb1s,xs_dispersion_20d,G_cross_sectional,8150,0.2447980416156681,0.06462054370767496,0.0482385557762007,0.0025941544977274404,0.03245478022115819,0.053500591890003446,0.08337773909045727,0.5504127265629858
rb1s,leadlag_anchor,G_cross_sectional,8109,0.7466340269277838,-0.02650709133033927,0.13696886746195291,-0.5161552498348774,-0.11786218853823831,-0.024701156815652638,0.06711018254253118,0.5935113956059863
rb1s,vol_ratio_basket,G_cross_sectional,8150,0.2447980416156681,0.919346667434134,0.16791994555612064,0.40824809027453646,0.8139559555900575,0.9074166728981147,1.01827426412524,1.8971397226055111
rb1s,beta_basket_60d,G_cross_sectional,8110,0.7343941248470043,0.8168970423985726,0.20488802968253658,0.19811473766412854,0.6897828435107092,0.8302113665627759,0.9543717086979081,1.3761625188235815
ng1s,ret_1d,A_returns_momentum,8103,0.012339585389931074,-0.0007711782958293553,0.031167845950991667,-0.18065878384281486,-0.017965238302432452,-0.0006651265515231763,0.016465067682753798,0.18763609243793877
ng1s,ret_5d,A_returns_momentum,8099,0.06169792694965537,-0.0037717827962582134,0.06781521623716776,-0.3813948906087251,-0.044060664410215916,-0.004173189872345523,0.03623245886328741,0.32671475550906803
ng1s,ret_10d,A_returns_momentum,8094,0.12339585389931074,-0.007478014279572627,0.09463558803365668,-0.4002325474320078,-0.0642325678941448,-0.008357437326827033,0.04990764662622808,0.4097091081565791
ng1s,ret_20d,A_returns_momentum,8084,0.24679170779862147,-0.01461065683433124,0.13606470958724898,-0.5472387556398121,-0.10115233513622829,-0.015603145393523143,0.07220257473827782,0.5557890802688452
ng1s,ret_60d,A_returns_momentum,8044,0.7403751233958533,-0.04369065589270717,0.23792925310947594,-0.8661430318538239,-0.20035608881572362,-0.04745011036644464,0.10957464169723918,0.7815150036821388
ng1s,ret_20d_zscore,A_returns_momentum,7833,3.3440276406712766,0.03408184130245876,1.0700067615367994,-3.9688298637371067,-0.6667716033787489,0.04254083278156174,0.7178519006594092,3.99838376500963
ng1s,mom_12_1,A_returns_momentum,7852,3.109575518262586,-0.17867318744571337,0.464045612957229,-1.6558334963482215,-0.4861173045433054,-0.19882569628299218,0.14807566683874293,1.3800725277435424
ng1s,roc_10d,A_returns_momentum,8094,0.12339585389931074,-0.002991722407494524,0.09483043685157612,-0.32983581704620757,-0.062213124951117915,-0.008322610977981593,0.0511740125937693,0.5063795278554639
ng1s,mom_3m_minus_1m,A_returns_momentum,8041,0.7773938795656465,-0.030769061867094917,0.1986646164035684,-0.7971641876295719,-0.15809156751186593,-0.03456827109160798,0.10022506611579468,0.7803922428244476
ng1s,vol_cc_20d,B_volatility,8084,0.24679170779862147,0.02861865953133803,0.012235337866173309,0.0039143661292006535,0.019948472662227174,0.026075742385122544,0.03494265646614634,0.08547935704380334
ng1s,vol_parkinson_20d,B_volatility,8085,0.2344521224086904,0.026540476136078423,0.010168724419751597,0.003754365824563394,0.019274477340020902,0.024715304413576448,0.03220917624381758,0.07112343877030308
ng1s,vol_garman_klass_20d,B_volatility,8085,0.2344521224086904,0.026463907131582667,0.010047218348211092,0.0037767738406025444,0.01940246754680078,0.024747208308807337,0.03208518710422621,0.0692967570579571
ng1s,vol_rogers_satchell_20d,B_volatility,8085,0.2344521224086904,0.026186606762773654,0.009941579566339979,0.0038449201395129324,0.01915342986526955,0.0245372925043246,0.03177651423362795,0.06787099235234217
ng1s,vol_yang_zhang_20d,B_volatility,8084,0.24679170779862147,0.027866674818128614,0.010673509619463846,0.005085764232788035,0.02024629319700772,0.02595401174078448,0.033510309568224636,0.07190433633695795
ng1s,vol_of_vol_60d,B_volatility,8025,0.9748272458045437,0.004549937096979196,0.003482256107728531,0.00039622069081651263,0.0021698445279425653,0.0034557088262439175,0.005786260991052686,0.022530674429969602
ng1s,vol_yz_zscore_252d,B_volatility,7833,3.3440276406712766,0.03093650154233875,1.2024239817007962,-2.7719338223392604,-0.7870235922004887,-0.18974471987765965,0.7117456363414976,7.258640566819687
ng1s,hl_range_close,B_volatility,8085,0.2344521224086904,0.0413804624789024,0.015665370887284532,0.0053467284499261756,0.03023341695188011,0.038674969764901285,0.05046607656785816,0.10212560906134507
ng1s,amihud_20d,C_microstructure,7678,5.256663376110559,3.2063329773964095e-06,1.2987752748928338e-05,1.0008115752785823e-08,4.324223802997884e-08,9.834469304600455e-08,4.800724627274456e-07,0.00013943481830922777
ng1s,roll_spread_20d,C_microstructure,8083,0.25913129318855255,0.0044778152901769576,0.009398524476936596,0.0,0.0,4.625216298435001e-05,0.004299666372298261,0.08563174417801064
ng1s,volume_zscore_20d,C_microstructure,8085,0.2344521224086904,0.05335973532039226,1.036377889650595,-3.3440395352385863,-0.6913503431014412,-0.019808831510334454,0.7234592781692484,4.073726689233341
ng1s,dollar_volume_log,C_microstructure,8064,0.49358341559723184,11.64224514488411,2.046664856884294,1.4279160418739116,10.884542703284351,12.388002007562582,12.974599303100005,15.105452776713568
ng1s,kyle_lambda_20d,C_microstructure,7678,5.256663376110559,1.0507600464328782e-05,0.0001396936581147169,-0.000747655507004317,-1.2620132889991216e-05,4.031464945686179e-06,1.0809851086633362e-05,0.0031473464955324507
ng1s,rsi_14,D_meanrev_trend,8103,0.012339585389931074,48.09622050467115,12.555204568396404,0.0,39.21138330337844,47.3907948889492,56.94312623161633,91.82363805031979
ng1s,bb_position_20_2,D_meanrev_trend,8085,0.2344521224086904,-0.05208105645155157,0.6540900689296583,-1.55837316326138,-0.6044492883631053,-0.13106659963073308,0.5089754443171373,1.8171567434687534
ng1s,macd_signal,D_meanrev_trend,8104,0.0,-0.0013953406279555644,0.02159649101384046,-0.09974169253190776,-0.00624224562293095,-7.015295620653214e-05,0.0008801170594261213,0.15595393826806858
ng1s,macd_histogram,D_meanrev_trend,8104,0.0,-9.862042216742152e-08,0.006314735820675604,-0.06774953758181995,-0.0006333927176129057,4.167296174253921e-06,0.0011033442326457514,0.05159999160509568
ng1s,adx_14,D_meanrev_trend,8101,0.03701875616979322,25.11104073393406,10.349233754845052,7.418969390144785,17.41941885187823,23.026421759887953,30.489224635749647,100.0
ng1s,williams_r_14,D_meanrev_trend,8091,0.16041461006910396,-55.128089524242455,31.27137310230636,-100.00000000000001,-84.22120546143111,-59.67195064853549,-26.244489126109492,-0.0
ng1s,distance_from_200d_ma,D_meanrev_trend,7905,2.4555774925962504,-1.3714450935975946,3.437952461173136,-33.10402708601142,-3.2854169162057962,-1.2570284044846496,0.9182839094081577,9.413372085184614
ng1s,cci_20,D_meanrev_trend,8066,0.4689042448173697,-5.446340472435358,85.02098090811292,-256.7517596103036,-68.70753120185567,-12.74544295272809,57.00207256392356,379.1531254191876
ng1s,dominant_cycle_period,F_spectral_fractal,8045,0.7280355380059222,16.32962490050195,4.1120491995423984,3.5294117647058822,12.0,15.0,20.0,20.0
ng1s,spectral_entropy,F_spectral_fractal,8045,0.7280355380059222,0.8802852783126268,0.029064230057666944,0.665039897053682,0.8641179061923792,0.8834029181786809,0.900879459822997,0.9518358770939869
ng1s,hurst_90d,F_spectral_fractal,8015,1.0982230997038545,0.6061216134565789,0.1034043507625689,0.24049536098699495,0.5333502970862306,0.6060766143829731,0.6770354219494806,0.9366803957836023
ng1s,dfa_alpha_90d,F_spectral_fractal,8015,1.0982230997038545,0.6395229623806865,0.10606546858592872,0.19598464650739017,0.5676377713229795,0.6379684634537703,0.711220009376446,1.0516833925526436
ng1s,approx_entropy_20d,F_spectral_fractal,8085,0.2344521224086904,0.06454693466980749,0.0835882801033758,-0.05406722127027619,0.018895639841296497,0.07266384696090533,0.09185850095287007,0.4904112896381543
ng1s,primary_signal,H_signal_interaction,628,92.2507403751234,-0.19745222929936307,0.3983937517662369,-1.0,0.0,0.0,0.0,0.0
ng1s,signal_changed,H_signal_interaction,628,92.2507403751234,0.06528662420382166,0.24722784694619498,0.0,0.0,0.0,0.0,1.0
ng1s,signal_persistence,H_signal_interaction,628,92.2507403751234,35.861464968152866,38.95105806221745,0.0,6.0,22.0,53.0,159.0
ng1s,signal_trend_concord,H_signal_interaction,628,92.2507403751234,-0.06369426751592357,0.4401178421639023,-1.0,0.0,-0.0,0.0,1.0
ng1s,signal_density_20d,H_signal_interaction,609,92.48519249753208,0.19835796387520527,0.3060071753863831,0.0,0.0,0.0,0.3,1.0
ng1s,day_of_year_sin,I_seasonality,8104,0.0,0.002475465398223914,0.7113541091197,-0.9999994220246925,-0.7142921172691032,0.01075130776352193,0.7187918772884232,0.9999855506507186
ng1s,day_of_year_cos,I_seasonality,8104,0.0,-0.013345837775537599,0.7027904954314558,-0.9999791929590823,-0.7105196029692745,-0.016126573270657762,0.6874571793269664,0.9999907524084426
ng1s,heating_season,I_seasonality,8104,0.0,0.2448240083219226,0.3324702687185992,0.0,0.0,0.0,0.3763440860215054,0.9892473118279573
ng1s,driving_season_progress,I_seasonality,8104,0.0,0.17046540139477123,0.31551118062834127,0.0,0.0,0.0,0.31182795698924737,0.978494623655914
ng1s,hurricane_season_indicator,I_seasonality,8104,0.0,0.21227138596100156,0.32782645225195844,0.0,0.0,0.0,0.532258064516129,0.989247311827957
ng1s,quarter_progress,I_seasonality,8104,0.0,0.5012597959795626,0.29021083475065607,0.0,0.25274725274725274,0.4945054945054945,0.7555555555555555,1.0
ng1s,skew_20d,J_higher_moments_range,8084,0.24679170779862147,-0.011010085552670633,0.6076914847652364,-3.3035289841265985,-0.38380097462494484,0.0011221520631773847,0.3661407726321571,2.4323432364128745
ng1s,skew_60d,J_higher_moments_range,8044,0.7403751233958533,-0.008267060964253522,0.47534179514851327,-3.292295870025853,-0.29231965232491947,0.007065958668001474,0.2997995838920892,3.0338227746328017
ng1s,kurt_20d,J_higher_moments_range,8084,0.24679170779862147,0.28663828563751215,1.2823468068991766,-1.708084459372056,-0.5620639479862811,-0.01681146758809098,0.7363860889129027,13.114554546029172
ng1s,downside_vol_20d,J_higher_moments_range,8084,0.24679170779862147,0.016486073713295482,0.008685056952805,0.0017199268865382656,0.010776270028816206,0.014552942821616106,0.020559699979520143,0.06261930406312234
ng1s,price_range_position_60d,J_higher_moments_range,8045,0.7280355380059222,0.41279589712952464,0.31259504621167494,0.0,0.11756014321586772,0.3596557279828921,0.6915120558408632,1.0
ng1s,range_position_5d_chg,J_higher_moments_range,8040,0.7897334649555776,4.585334200487087e-05,0.17472731489112114,-0.71425988457042,-0.09870435310344713,0.0005566980208192322,0.09790930573301121,0.7382284060423203
ng1s,return_vol_correl_60d,J_higher_moments_range,8024,0.9871668311944748,0.0032270453742192975,0.17965294433898327,-0.6985156297578591,-0.12735148768550902,0.006842248775868632,0.13311488711577965,0.7839742665451058
ng1s,return_autocorr_30d,J_higher_moments_range,8075,0.35784797630800114,-0.05856920776970965,0.15550250293405798,-0.5443995198698353,-0.16265849236453195,-0.06121112232268363,0.041146849669536946,0.7376926050357956
ng1s,hmm_p_state0,E_latent_regime,8084,0.24679170779862147,0.43865940299463446,0.484732441182507,7.943461564380125e-66,1.0237893005135884e-05,0.006589039273742481,0.9999948856242371,1.0
ng1s,hmm_p_state1,E_latent_regime,8084,0.24679170779862147,0.5613405970054121,0.4847324411824973,1.1723235026342373e-30,5.114377827823985e-06,0.9934109607272783,0.9999897621088374,1.0
ng1s,hmm_state_persistence,E_latent_regime,8084,0.24679170779862147,90.66773874319644,79.75877706962254,0.0,29.0,69.0,130.0,409.0
ng1s,gmm_logdensity,E_latent_regime,8084,0.24679170779862147,4.453591248656433,1.4926936835822848,-13.896342017924285,4.243685264164916,4.924469109660222,5.272080091632493,5.540297489422953
ng1s,gmm_argmax,E_latent_regime,8084,0.24679170779862147,0.5710044532409698,0.49496330469804545,0.0,0.0,1.0,1.0,1.0
ng1s,corr_basket_60d,G_cross_sectional,8044,0.7403751233958533,0.2365196449362844,0.1991091305826072,-0.24501528585421045,0.09375465227555008,0.21256999600548704,0.37685269367918944,0.7664146155028961
ng1s,xs_rank_5d,G_cross_sectional,8099,0.06169792694965537,0.6001461085730749,0.3433179019508689,0.25,0.25,0.5,1.0,1.0
ng1s,xs_dispersion_20d,G_cross_sectional,8104,0.0,0.06469215063920997,0.04830867557172601,0.002594154497727441,0.03246063594921197,0.05360273295224004,0.08342077197358226,0.5504127265629858
ng1s,leadlag_anchor,G_cross_sectional,8044,0.7403751233958533,-0.039422645904990505,0.13544277620892956,-0.45095035933667704,-0.13239901285325628,-0.05096238388036796,0.04693495777657667,0.4518668921943646
ng1s,vol_ratio_basket,G_cross_sectional,8084,0.24679170779862147,1.4780927671388044,0.6090742697684948,0.26633365816327503,1.080046999892299,1.390450486018366,1.7842179652408379,5.110367353138531
ng1s,beta_basket_60d,G_cross_sectional,8044,0.7403751233958533,0.3509261786541507,0.320075788497371,-0.5747033542435072,0.1334062532914526,0.2990391876408135,0.5454018711618914,1.8002709092553142
