date,dxy_ret_5d,dxy_ret_20d,dxy_corr_60d,vix_level,vix_change_5d,us10y_change_5d
2022-07-01,0.009076610729827017,0.028948374342308902,,26.700000762939453,-0.529998779296875,-0.23600006103515625
2022-07-04,0.01147895651726305,0.02601550442229783,,26.700000762939453,-0.25,-0.30500006675720215
2022-07-05,0.018862204102626734,0.04003983086145535,,27.540000915527344,-0.8199996948242188,-0.3970000743865967
2022-07-06,0.018755536564415642,0.04350998792242322,,26.729999542236328,-1.4300003051757812,-0.17999982833862305
2022-07-07,0.023039398985022608,0.03718038008981672,,26.079999923706055,-2.6299991607666016,0.03600001335144043
2022-07-08,0.017629518415644974,0.027090125644052776,,24.639999389648438,-2.0600013732910156,0.21200013160705566
2022-07-11,0.027023574501611414,0.027594381845102767,,26.170000076293945,-0.5300006866455078,0.10199999809265137
2022-07-12,0.014634177341722676,0.023878685895389218,,27.290000915527344,-0.25,0.14899992942810059
2022-07-13,0.007997816463090501,0.026277744983711493,,26.81999969482422,0.09000015258789062,-0.009000062942504883
2022-07-14,0.013075752433564958,0.046291940377798824,,26.399999618530273,0.31999969482421875,-0.04799985885620117
2022-07-15,0.009764297821043044,0.031587517094006756,,24.229999542236328,-0.4099998474121094,-0.17100000381469727
2022-07-18,-0.006035525061202307,0.025181750297727845,,25.299999237060547,-0.8700008392333984,-0.03099989891052246
2022-07-19,-0.012945460316723612,0.021220934967390193,,24.5,-2.7900009155273438,0.06100010871887207
2022-07-20,-0.00818454391753054,0.027264135720264093,,23.8799991607666,-2.940000534057617,0.13199996948242188
2022-07-21,-0.015131383790648378,0.023470399865783698,,23.110000610351562,-3.289999008178711,-0.04999995231628418
2022-07-22,-0.01238429344440739,0.024086133522107644,,23.030000686645508,-1.1999988555908203,-0.14700007438659668
2022-07-25,-0.008323633413299447,0.02414337254437271,,23.360000610351562,-1.9399986267089844,-0.1400001049041748
2022-07-26,0.004769281305385675,0.025320202433011474,,24.690000534057617,0.1900005340576172,-0.23200011253356934
2022-07-27,-0.005900873081001734,0.01266793602897387,,23.239999771118164,-0.6399993896484375,-0.3020000457763672
2022-07-28,-0.005251865981004578,0.01573190164693461,,22.329999923706055,-0.7800006866455078,-0.22900009155273438
2022-07-29,-0.0078070453624130565,0.007202477429867571,,21.329999923706055,-1.7000007629394531,-0.14100003242492676
2022-08-01,-0.009720327628826908,0.0029440883982827515,,22.84000015258789,-0.5200004577636719,-0.21399998664855957
2022-08-02,-0.008902317859332598,-0.002444319528947858,,23.93000030517578,-0.7600002288818359,-0.046000003814697266
2022-08-03,0.0005635348406674012,-0.005524065694774372,,21.950000762939453,-1.289999008178711,0.01399993896484375
2022-08-04,-0.006225223177590777,-0.013532720515678776,,21.440000534057617,-0.8899993896484375,-0.004999876022338867
2022-08-05,0.006775870139053453,-0.00365117084672395,,21.149999618530273,-0.18000030517578125,0.1979999542236328
2022-08-08,0.00934459106195984,-0.014734895041368823,,21.290000915527344,-1.5499992370605469,0.15900015830993652
2022-08-09,0.0012229424640626263,-0.015855554406607908,,21.770000457763672,-2.1599998474121094,0.0559999942779541
2022-08-10,-0.012375626217188795,-0.02589750837505367,,19.739999771118164,-2.210000991821289,0.03800010681152344
2022-08-11,-0.005693213090804505,-0.03230168604004824,,20.200000762939453,-1.239999771118164,0.21199989318847656
2022-08-12,-0.009328741321932732,-0.022744209989699726,,19.530000686645508,-1.6199989318847656,0.009000062942504883
2022-08-15,0.0010329181397690235,-0.007666451840397492,,19.950000762939453,-1.3400001525878906,0.025999784469604492
2022-08-16,0.0012213770648852318,-0.0016887170249990646,,19.690000534057617,-2.0799999237060547,0.026999950408935547
2022-08-17,0.012938772074742033,-0.004774192382781095,,19.899999618530273,0.15999984741210938,0.10699987411499023
2022-08-18,0.022487723950249006,0.005317421700849145,,19.559999465942383,-0.6400012969970703,-0.007999897003173828
2022-08-19,0.023761650881475305,0.013401734336182969,,20.600000381469727,1.0699996948242188,0.1400001049041748
2022-08-22,0.023192133446396923,0.023849315019298878,,23.799999237060547,3.8499984741210938,0.24600005149841309
2022-08-23,0.0197105927433725,0.013252594412987762,,24.110000610351562,4.420000076293945,0.23000001907348633
2022-08-24,0.019605743996922165,0.020732424695142804,,22.81999969482422,2.9200000762939453,0.21300005912780762
2022-08-25,0.009168833325567505,0.019738121007421228,,21.780000686645508,2.220001220703125,0.14599990844726562
2022-08-26,0.00580731575645288,0.027016095455048905,,25.559999465942383,4.959999084472656,0.046000003814697266
2022-08-29,-0.0019276403642569662,0.03164200228386882,,26.209999084472656,2.4099998474121094,0.07299995422363281
2022-08-30,0.0013799523502271427,0.023534864622547502,,26.209999084472656,2.0999984741210938,0.0559999942779541
2022-08-31,0.00018397868594632882,0.02035286854042173,,25.8700008392334,3.0500011444091797,0.026999950408935547
2022-09-01,0.011184579374612369,0.037147923559624374,,25.559999465942383,3.779998779296875,0.2390000820159912
2022-09-02,0.006687110719648004,0.026927336035643457,,25.469999313354492,-0.09000015258789062,0.15799999237060547
2022-09-05,0.006319592922412909,0.02861700414432189,,25.469999313354492,-0.7399997711181641,0.08300018310546875
2022-09-06,0.013152098153254244,0.03546402031173912,,26.90999984741211,0.7000007629394531,0.23000001907348633
2022-09-07,0.010432962067201679,0.043161456824812205,,24.639999389648438,-1.230001449584961,0.13200020790100098
2022-09-08,0.00018228480385307222,0.04302342145428195,,23.610000610351562,-1.9499988555908203,0.026999950408935547
2022-09-09,-0.004850590961591017,0.03140548639598517,,22.790000915527344,-2.6799983978271484,0.12800002098083496
2022-09-12,-0.0110163323306951,0.016567753673857766,,23.8700008392334,-1.5999984741210938,0.16899991035461426
2022-09-13,-0.0035449693244800073,0.03069767392237388,,27.270000457763672,0.3600006103515625,0.0820000171661377
2022-09-14,-0.0016400247482897257,0.028582660001780447,,26.15999984741211,1.5200004577636719,0.14699983596801758
2022-09-15,0.00027339968011741433,0.02080909718415036,,26.270000457763672,2.6599998474121094,0.16700005531311035
2022-09-16,0.006948301211172847,0.014592136725682714,,26.299999237060547,3.509998321533203,0.1269998550415039
2022-09-19,0.012931771304501183,0.0063073915319620255,,25.760000228881836,1.8899993896484375,0.12800002098083496
2022-09-20,0.003635720458386338,0.014622801637387717,,27.15999984741211,-0.1100006103515625,0.1490001678466797
2022-09-21,0.008896978468921901,0.017873894473780183,,27.989999771118164,1.8299999237060547,0.09800004959106445
2022-09-22,0.014564467835388228,0.026204731693971084,,27.350000381469727,1.0799999237060547,0.24899983406066895
2022-09-23,0.030771660773110554,0.03955648174234039,,29.920000076293945,3.6200008392333984,0.24900007247924805
2022-09-26,0.03896133133031743,0.04719636322653642,,32.2599983215332,6.499998092651367,0.3880000114440918
2022-09-27,0.03468452126514787,0.047927370552308446,,32.599998474121094,5.439998626708984,0.39299988746643066
2022-09-28,0.01756002031431869,0.035249936102152546,,30.18000030517578,2.190000534057617,0.19499993324279785
2022-09-29,0.008050146622434973,0.023070298941793688,,31.84000015258789,4.489999771118164,0.03900003433227539
2022-09-30,-0.009498093420032383,0.02337127760266,,31.6200008392334,1.7000007629394531,0.10699987411499023
2022-10-03,-0.020811010001179575,0.020065760302943936,,30.100000381469727,-2.1599979400634766,-0.22699999809265137
2022-10-04,-0.036046376532648416,-0.0012711041335942141,,29.06999969482422,-3.529998779296875,-0.3469998836517334
2022-10-05,-0.013681071722837501,0.011135902312113366,,28.549999237060547,-1.6300010681152344,0.054000139236450195
2022-10-06,8.910192100053393e-05,0.02297711605894115,,30.520000457763672,-1.3199996948242188,0.07899999618530273
2022-10-07,0.006046615325153937,0.034268483889404955,,31.360000610351562,-0.26000022888183594,0.07899999618530273
2022-10-10,0.012361751026674028,0.043443843660313064,,32.45000076293945,2.3500003814697266,0.2369999885559082
2022-10-11,0.02821631512746592,0.03049018031835171,,33.630001068115234,4.560001373291016,0.32199978828430176
2022-10-12,0.02005504183784179,0.03283096889824488,,33.56999969482422,5.020000457763672,0.14299988746643066
2022-10-13,0.000890379124785845,0.02359409550360958,,31.940000534057617,1.4200000762939453,0.12599992752075195
2022-10-14,0.004511037727670697,0.031831220405902805,,32.02000045776367,0.6599998474121094,0.1270003318786621
2022-10-17,-0.009770025957012152,0.02074204639879973,,31.3700008392334,-1.0799999237060547,0.1269998550415039
2022-10-18,-0.009673951412039195,0.01718050844792618,,30.5,-3.1300010681152344,0.05900001525878906
2022-10-19,-0.0030048306595205077,0.020929159769802475,,30.760000228881836,-2.809999465942383,0.22499990463256836
2022-10-20,0.004617275544533506,0.013646903212754857,,29.979999542236328,-1.960000991821289,0.2739999294281006
2022-10-21,-0.011539231750787415,-0.010479672117995165,,29.690000534057617,-2.3299999237060547,0.20299959182739258
2022-10-24,-0.00044639604392759935,-0.018665680975445298,,29.850000381469727,-1.5200004577636719,0.21900033950805664
2022-10-25,-0.010579266105267493,-0.028083278922489185,,28.459999084472656,-2.0400009155273438,0.1099998950958252
2022-10-26,-0.029461502147690055,-0.026092362692206272,,27.280000686645508,-3.479999542236328,-0.1119999885559082
2022-10-27,-0.02049564723970576,-0.014898890649385876,,27.389999389648438,-2.5900001525878906,-0.2889997959136963
2022-10-28,-0.012035388363914379,-0.01301696706187716,,25.75,-3.940000534057617,-0.20299959182739258
2022-10-31,-0.0041159604580327525,-0.0019706314322984753,,25.8799991607666,-3.970001220703125,-0.15700006484985352
2022-11-01,0.004765610853277202,0.012728708463436433,,25.809999465942383,-2.6499996185302734,-0.055999755859375
2022-11-02,0.0149290405378677,0.002517749568498928,,25.860000610351562,-1.4200000762939453,0.04400014877319336
2022-11-03,0.020938524464945374,0.005950531894558964,,25.299999237060547,-2.0900001525878906,0.18700003623962402
2022-11-04,0.0018957269393142795,-0.017167855447716818,,24.549999237060547,-1.2000007629394531,0.14599990844726562
2022-11-07,-0.012722896845255072,-0.027055279304227575,,24.350000381469727,-1.529998779296875,0.13700008392333984
2022-11-08,-0.016825368052723277,-0.03231297471675276,,25.540000915527344,-0.26999855041503906,0.07399988174438477
2022-11-09,-0.007210445091247131,-0.024747737360589994,,26.09000015258789,0.22999954223632812,0.09200000762939453
2022-11-10,-0.0426943853150199,-0.03763423254524678,,23.530000686645508,-1.769998550415039,-0.2950000762939453
2022-11-11,-0.042277294511856134,-0.06395618768724365,,22.520000457763672,-2.029998779296875,-0.3430001735687256
2022-11-14,-0.03192446570924812,-0.04920971905646354,,23.729999542236328,-0.6200008392333984,-0.3490002155303955
2022-11-15,-0.02981427342494225,-0.05245329672965582,,24.540000915527344,-1.0,-0.3269999027252197
2022-11-16,-0.03939082550279682,-0.06113373220386631,,24.110000610351562,-1.9799995422363281,-0.4590001106262207
2022-11-17,-0.01414631903635577,-0.05639782712613606,,23.93000030517578,0.39999961853027344,-0.053999900817871094
2022-11-18,0.006003201463567365,-0.04641375447288887,,23.1200008392334,0.6000003814697266,0.005000114440917969
2022-11-21,0.011002373698389967,-0.037760949314145975,,22.360000610351562,-1.3699989318847656,-0.039999961853027344
2022-11-22,0.007677218535913077,-0.03419681208847525,,21.290000915527344,-3.25,-0.0410001277923584
2022-11-23,-0.001883565707259116,-0.03355579576343537,,20.350000381469727,-3.760000228881836,0.014000177383422852
2022-11-24,-0.005733912387921869,-0.041636092274352166,,20.350000381469727,-3.5799999237060547,-0.0690000057220459
2022-11-25,-0.009112761858984797,-0.04349112796795929,,20.5,-2.6200008392333984,-0.127000093460083
2022-11-28,-0.010814911030787577,-0.0444598998869008,,22.209999084472656,-0.15000152587890625,-0.12199997901916504
2022-11-29,-0.0037376377297153596,-0.04270006067146781,,21.889999389648438,0.5999984741210938,-0.009999990463256836
2022-11-30,-0.0012262877880724332,-0.0497111240893755,,20.579999923706055,0.22999954223632812,-0.003000020980834961
2022-12-01,-0.012807901860353077,-0.07538251859965062,,19.84000015258789,-0.5100002288818359,-0.1770000457763672
2022-12-02,-0.013396200699458127,-0.05878305560673169,,19.059999465942383,-1.4400005340576172,-0.18499994277954102
2022-12-05,-0.013115245610518578,-0.044852248652164306,,20.75,-1.4599990844726562,-0.10400009155273438
2022-12-06,-0.01167619531642039,-0.03755088793516492,,22.170000076293945,0.2800006866455078,-0.2349998950958252
2022-12-07,-0.008054992546001394,-0.050555671544129765,,22.68000030517578,2.1000003814697266,-0.2950000762939453
2022-12-08,0.00038179748561883997,-0.032306335799011876,,22.290000915527344,2.450000762939453,-0.03800010681152344
2022-12-09,0.0024837088243474525,-0.014022052270528107,,22.829999923706055,3.770000457763672,0.06099987030029297
2022-12-12,-0.0015208031017994728,-0.014448586044715661,,25.0,4.25,0.012000083923339844
2022-12-13,-0.01527037149830246,-0.023006986008525132,,22.549999237060547,0.37999916076660156,-0.012000083923339844
2022-12-14,-0.012735384097116054,-0.023900230138448997,,21.139999389648438,-1.5400009155273438,0.09500002861022949
2022-12-15,-0.0020063933572584958,-0.020166410119914602,,22.829999923706055,0.5399990081787109,-0.0409998893737793
2022-12-16,-0.0010500751595960978,-0.02107532889369157,,22.6200008392334,-0.20999908447265625,-0.08499979972839355
2022-12-19,-0.0039075202036880086,-0.029358479946793636,,22.420000076293945,-2.5799999237060547,-0.029999971389770508
2022-12-20,-9.619750918954395e-05,-0.030780402053627753,,21.479999542236328,-1.0699996948242188,0.1830000877380371
2022-12-21,0.0037513343513229103,-0.01826533007986697,,20.06999969482422,-1.0699996948242188,0.1809999942779541
2022-12-22,-0.0012440525528756297,-0.015676550284868362,,21.969999313354492,-0.8600006103515625,0.21899986267089844
2022-12-23,-0.0037318774462660187,-0.01569444448097279,,20.8700008392334,-1.75,0.2689998149871826
2022-12-26,-0.003922921975887839,-0.022466490891893898,,20.8700008392334,-1.5499992370605469,0.1699998378753662
2022-12-27,0.002017767515561708,-0.025024996808350686,,21.649999618530273,0.1700000762939453,0.17599987983703613
2022-12-28,0.0028760006250116987,-0.014163041666782838,,22.139999389648438,2.0699996948242188,0.20300006866455078
2022-12-29,-0.005665775724825295,-0.00853442414934058,,21.440000534057617,-0.529998779296875,0.1660001277923584
2022-12-30,-0.007602412957870008,-0.009900656739384672,,21.670000076293945,0.7999992370605469,0.12800002098083496
2023-01-02,-0.007602412957870008,-0.01695365823924533,,21.670000076293945,0.7999992370605469,0.12800002098083496
2023-01-03,0.003258233288433665,-0.01009056820349663,,22.899999618530273,1.25,-0.06699991226196289
2023-01-04,-0.002012353564859737,-0.008120402685641182,,22.010000228881836,-0.12999916076660156,-0.17799997329711914
2023-01-05,0.011490021021596242,0.0025737993866368214,,22.459999084472656,1.019998550415039,-0.11500000953674316
2023-01-06,0.0034715620298815253,-0.0089128035338506,,21.1299991607666,-0.5400009155273438,-0.309999942779541
2023-01-09,-0.005035810095079363,-0.02046866523252522,,21.969999313354492,0.2999992370605469,-0.3619999885559082
2023-01-10,-0.012322054376266323,-0.007142251081460493,,20.579999923706055,-2.3199996948242188,-0.17199993133544922
2023-01-11,-0.010219887891958379,-0.005604906480483507,,21.09000015258789,-0.9200000762939453,-0.1550002098083496
2023-01-12,-0.026920443787616932,-0.022340251043721615,,18.829999923706055,-3.6299991607666016,-0.2710001468658447
2023-01-13,-0.01630471244563747,-0.024167440819891972,,18.350000381469727,-2.779998779296875,-0.05800008773803711
2023-01-16,-0.007797340320676582,-0.024358485349513792,,18.350000381469727,-3.6199989318847656,-0.006000041961669922
2023-01-17,-0.008267308532846407,-0.015313362105117356,,19.360000610351562,-1.2199993133544922,-0.08599996566772461
2023-01-18,-0.008075955532570234,-0.01743219636437665,,20.34000015258789,-0.75,-0.1789999008178711
2023-01-19,-0.0018599432083705736,-0.02295614169921656,,20.520000457763672,1.6900005340576172,-0.051999807357788086
2023-01-20,-0.0018607792731488715,-0.022296342646774825,,19.850000381469727,1.5,-0.026999950408935547
2023-01-23,-0.0005872326650981918,-0.021022796038724145,,19.809999465942383,1.4599990844726562,0.014000177383422852
2023-01-24,-0.004600871767432402,-0.021932001388111466,,19.200000762939453,-0.15999984741210938,-0.06599998474121094
2023-01-25,-0.007058864807452103,-0.027367061796840453,,19.079999923706055,-1.260000228881836,0.08699989318847656
2023-01-26,-0.002157933424830283,-0.019448299399221547,,18.729999542236328,-1.7900009155273438,0.09599995613098145
2023-01-27,-0.0007845624615150371,-0.015478492150419854,,18.510000228881836,-1.3400001525878906,0.03399991989135742
2023-01-30,0.0013697232442098084,-0.012050659836644328,,19.940000534057617,0.13000106811523438,0.026000022888183594
2023-01-31,0.0017645363674283487,-0.023425698309116783,,19.399999618530273,0.1999988555908203,0.059999942779541016
2023-02-01,-0.004140774601097519,-0.029495482833078235,,17.8700008392334,-1.2099990844726562,-0.06499981880187988
2023-02-02,-0.000884093967005839,-0.03182241438782363,,18.729999542236328,0.0,-0.0970001220703125
2023-02-03,0.009665663448199524,-0.009284390732101855,,18.329999923706055,-0.18000030517578125,0.014000177383422852
2023-02-06,0.013016249404863345,0.006001399663298379,,19.43000030517578,-0.5100002288818359,0.08299994468688965
2023-02-07,0.012942348114591162,0.0018387041817407024,,18.65999984741211,-0.7399997711181641,0.14499998092651367
2023-02-08,0.021405326764543986,0.0021297318234241303,,19.6299991607666,1.7599983215332031,0.2560000419616699
2023-02-09,0.014343820224103077,0.009441849623896381,,20.709999084472656,1.9799995422363281,0.2870001792907715
2023-02-10,0.006874867069895707,0.013895188783431323,,20.530000686645508,2.200000762939453,0.21199989318847656
2023-02-13,-0.002609116529345812,0.01118962345462915,,20.34000015258789,0.9099998474121094,0.08299994468688965
2023-02-14,-0.0019355173437940465,0.008170495370793063,,18.90999984741211,0.25,0.08699989318847656
2023-02-15,0.0049196501321189245,0.015125337488113288,,18.229999542236328,-1.3999996185302734,0.15599989891052246
2023-02-16,0.006181199746040811,0.017482992578307766,,20.170000076293945,-0.5399990081787109,0.15999984741210938
2023-02-17,0.002217007600457954,0.017972975657038148,,20.020000457763672,-0.5100002288818359,0.0840001106262207
2023-02-20,0.004922572929260127,0.01669942904898747,,20.020000457763672,-0.31999969482421875,0.11100006103515625
2023-02-21,0.009160634249886002,0.021932001388111466,,22.8700008392334,3.960000991821289,0.1940000057220459
2023-02-22,0.0064265550097273305,0.028610757305292722,,22.290000915527344,4.060001373291016,0.11400008201599121
2023-02-23,0.00709969275022182,0.026740618753359868,,21.139999389648438,0.9699993133544922,0.03600001335144043
2023-02-24,0.01291449982544357,0.031672037943996756,,21.670000076293945,1.6499996185302734,0.12099981307983398
2023-02-27,0.007768682080348199,0.02309838788512586,,20.950000762939453,0.9300003051757812,0.09399986267089844
2023-02-28,0.0066013387903058884,0.026768803810989006,,20.700000762939453,-2.1700000762939453,-0.03900003433227539
2023-03-01,-0.0010522120941862667,0.031699319812203974,,20.579999923706055,-1.710000991821289,0.0709998607635498
2023-03-02,0.004102474969189807,0.031727187689555514,,19.59000015258789,-1.5499992370605469,0.1940000057220459
2023-03-03,-0.0065799355835007844,0.015426438912296447,,18.489999771118164,-3.1800003051757812,0.015000104904174805
2023-03-06,-0.003061907472688752,0.007020231007573763,,18.610000610351562,-2.3400001525878906,0.06100010871887207
2023-03-07,0.007126259246497568,0.020952714942895412,,19.59000015258789,-1.1100006103515625,0.05900001525878906
2023-03-08,0.01123072873750619,0.02152472178516618,,19.110000610351562,-1.4699993133544922,-0.017999887466430664
2023-03-09,0.002662346197202403,0.02004571366265484,,22.610000610351562,3.020000457763672,-0.14800000190734863
2023-03-10,0.0005739377338436213,0.009125509576244362,,24.799999237060547,6.309999465942383,-0.2690000534057617
2023-03-13,-0.007213303803686344,0.0024160437332332307,,26.520000457763672,7.909999847412109,-0.4679999351501465
2023-03-14,-0.019310458186339474,0.003577774100349984,,23.729999542236328,4.1399993896484375,-0.33699989318847656
2023-03-15,-0.009604962922751703,0.007000108730295551,,26.139999389648438,7.029998779296875,-0.48399996757507324
2023-03-16,-0.00848714776253523,0.0053773661540788,,22.989999771118164,0.37999916076660156,-0.3399999141693115
2023-03-17,-0.00835381249475553,-0.0014453105189691229,,25.510000228881836,0.7100009918212891,-0.2999999523162842
2023-03-20,-0.00309358037779095,-0.005600109573817846,,24.149999618530273,-2.3700008392333984,-0.03400015830993652
2023-03-21,-0.0032872149574387777,-0.008870075106974795,,21.3799991607666,-2.3500003814697266,-0.032000064849853516
2023-03-22,-0.022223166273933614,-0.021649612553365394,,22.260000228881836,-3.8799991607666016,0.007999897003173828
2023-03-23,-0.018265783670742053,-0.019988110266885073,,22.610000610351562,-0.37999916076660156,-0.1790001392364502
2023-03-24,-0.0057051485081336395,-0.020064958852546333,,21.739999771118164,-3.770000457763672,-0.014999866485595703
2023-03-27,-0.004074888438451829,-0.017443680092617875,,20.600000381469727,-3.549999237060547,0.04700016975402832
2023-03-28,-0.008070458711579853,-0.023541872608860537,,19.969999313354492,-1.4099998474121094,-0.04200005531311035
2023-03-29,0.0028294171619966946,-0.017767983297182433,,19.1200008392334,-3.1399993896484375,0.06599998474121094
2023-03-30,-0.0038110115323242155,-0.027901596768399095,,19.020000457763672,-3.5900001525878906,0.14500021934509277
2023-03-31,-0.005933009631196029,-0.019418032900241577,,18.700000762939453,-3.039999008178711,0.11399984359741211
2023-04-03,-0.007514104971037661,-0.021895877590966784,,18.549999237060547,-2.0500011444091797,-0.09800004959106445
2023-04-04,-0.008234572372281868,-0.03890270422763997,,19.0,-0.9699993133544922,-0.22699999809265137
2023-04-05,-0.0077265866696683005,-0.03672529870435692,,19.079999923706055,-0.04000091552734375,-0.27900004386901855
2023-04-06,-0.003137869766879575,-0.03370181273248107,,18.399999618530273,-0.6200008392333984,-0.2630000114440918
2023-04-07,-0.0067538301575682524,-0.02674580079165345,,18.399999618530273,-0.3000011444091797,-0.20599985122680664
2023-04-10,0.0047882585015974755,-0.009894315285682964,,18.969999313354492,0.4200000762939453,-0.015000104904174805
2023-04-11,0.005986578853438118,-0.01360566718786238,,19.100000381469727,0.10000038146972656,0.0970001220703125
2023-04-12,-0.003442329209343953,-0.030562664990949173,,19.09000015258789,0.010000228881835938,0.13400006294250488
2023-04-13,-0.007987002487186423,-0.03320166745713227,,17.799999237060547,-0.6000003814697266,0.1639997959136963
2023-04-14,-0.002655227398812521,-0.02104721569571044,,17.06999969482422,-1.3299999237060547,0.23399996757507324
2023-04-17,-0.004690289585464136,-0.01149102449335615,,16.950000762939453,-2.019998550415039,0.17600011825561523
2023-04-18,-0.004412823586254611,-0.014731275816678213,,16.829999923706055,-2.270000457763672,0.1380000114440918
2023-04-19,0.004619865865491235,-0.0037196328515243238,,16.459999084472656,-2.6300010681152344,0.1809999942779541
2023-04-20,0.008183375299915419,-0.006752508486474795,,17.170000076293945,-0.6299991607666016,0.09300017356872559
2023-04-21,0.002655227398812521,-0.012686839788764281,,16.770000457763672,-0.2999992370605469,0.04799985885620117
2023-04-24,-0.007372852383205064,-0.014788988438109385,,16.889999389648438,-0.060001373291015625,-0.07599997520446777
2023-04-25,0.0010805031258174225,-0.0055803139792809375,,18.760000228881836,1.9300003051757812,-0.17600011825561523
2023-04-26,-0.004915464026153948,-0.011464514039674967,,18.84000015258789,2.3800010681152344,-0.1700000762939453
2023-04-27,-0.0033441198078687506,-0.00628561676201933,,17.030000686645508,-0.1399993896484375,-0.01699995994567871
2023-04-28,-0.0014742891996952778,-0.00822811935726353,,15.779999732971191,-0.9900007247924805,-0.11800003051757812
2023-05-01,0.007862478358791058,0.0005875948917193341,,16.079999923706055,-0.8099994659423828,0.05899977684020996
2023-05-02,0.0009812430801128258,0.003635501473113756,,17.780000686645508,-0.9799995422363281,0.042999982833862305
2023-05-03,-0.0012820364102754667,-0.005019963780282133,,18.34000015258789,-0.5,-0.028999805450439453
2023-05-04,-0.0009856922766440235,-0.004133439271783779,,20.09000015258789,3.059999465942383,-0.1770000457763672
2023-05-05,-0.004534699122295649,-0.006008988321990927,,17.190000534057617,1.4100008010864258,-0.00599980354309082
2023-05-08,-0.0076651197123283055,-0.011865783322206447,,16.979999542236328,0.8999996185302734,-0.05299997329711914
2023-05-09,-0.0031434180817049295,-0.005494495462029292,,17.709999084472656,-0.07000160217285156,0.0820000171661377
2023-05-10,0.0013806038999328862,-0.0001970306710052938,,16.940000534057617,-1.3999996185302734,0.03599977493286133
2023-05-11,0.006487745509343057,0.010341308724745701,,16.93000030517578,-3.1599998474121094,0.046000003814697266
2023-05-12,0.01441980182005409,0.011066040896875684,,17.030000686645508,-0.15999984741210938,0.01699995994567871
2023-05-15,0.01040242493887078,0.003226931202128469,,17.1200008392334,0.1400012969970703,-0.013000011444091797
2023-05-16,0.009010816920766551,0.00792914504499187,,17.989999771118164,0.2800006866455078,0.0280001163482666
2023-05-17,0.013701465981524663,0.008884569445028134,,16.8700008392334,-0.06999969482421875,0.1420001983642578
2023-05-18,0.014783426958890011,0.016941360383720294,,16.049999237060547,-0.8800010681152344,0.25099992752075195
2023-05-19,0.005051464501121039,0.013462277999184202,,16.809999465942383,-0.220001220703125,0.22899985313415527
2023-05-22,0.007489182048362686,0.01808896563369622,,17.209999084472656,0.08999824523925781,0.2110002040863037
2023-05-23,0.009026999670482816,0.015875641589657263,,18.530000686645508,0.5400009155273438,0.14899992942810059
2023-05-24,0.00976940741510024,0.023569440886282322,,20.030000686645508,3.1599998474121094,0.1380000114440918
2023-05-25,0.006063806545497208,0.026349286737086253,,19.139999389648438,3.0900001525878906,0.1659998893737793
2023-05-26,0.009739261742762295,0.024675828941641775,,17.950000762939453,1.1400012969970703,0.11800003051757812
2023-05-29,0.009739261742762295,0.019965749017667456,,17.950000762939453,0.7400016784667969,0.09099984169006348
2023-05-30,0.006549193380615215,0.021443591890159652,,17.459999084472656,-1.0700016021728516,0.002000093460083008
2023-05-31,0.004130454045499832,0.02898193134205762,,17.940000534057617,-2.0900001525878906,-0.0820000171661377
2023-06-01,-0.006256953910391161,0.021078025103339115,,15.649999618530273,-3.489999771118164,-0.20599985122680664
2023-06-02,-0.0018249291460037398,0.027385598917933685,,14.600000381469727,-3.3500003814697266,-0.11899995803833008
2023-06-05,-0.0020171860775555217,0.02561368265244024,,14.729999542236328,-3.220001220703125,-0.11699986457824707
2023-06-06,-0.0003840702534620988,0.024202939718402483,,13.960000038146973,-3.4999990463256836,-0.0010001659393310547
2023-06-07,-0.002111134289856764,0.02549019315226797,,13.9399995803833,-4.000000953674316,0.14699983596801758
2023-06-08,-0.0021266438869806947,0.012463635707015364,,13.649999618530273,-2.0,0.10599994659423828
2023-06-09,-0.004432024764387421,0.008533772333492173,,13.829999923706055,-0.7700004577636719,0.053999900817871094
2023-06-12,-0.003564062448981886,0.011647195264587573,,15.010000228881836,0.2800006866455078,0.07200002670288086
2023-06-13,-0.007615604743776316,0.0075765180538596155,,14.609999656677246,0.6499996185302734,0.1400001049041748
2023-06-14,-0.010525869329414128,0.0012628578413291791,,13.880000114440918,-0.05999946594238281,0.012000083923339844
2023-06-15,-0.011875868152640301,-0.014195659404514949,,14.5,0.8500003814697266,0.01399993896484375
2023-06-16,-0.012241428519502051,-0.008759120687130917,,13.539999961853027,-0.28999996185302734,0.024000167846679688
2023-06-19,-0.012917133903355804,-0.008759120687130917,,13.539999961853027,-1.4700002670288086,0.003999948501586914
2023-06-20,-0.007771512137511927,-0.009221993754135127,,13.880000114440918,-0.7299995422363281,-0.1099998950958252
2023-06-21,-0.009167242208151016,-0.017673791781922077,,13.199999809265137,-0.6800003051757812,-0.07299995422363281
2023-06-22,0.0026404263567627595,-0.017619039593249397,,12.90999984741211,-1.5900001525878906,0.0710000991821289
2023-06-23,0.005847954879723893,-0.012650427550169319,,13.4399995803833,-0.10000038146972656,-0.029999971389770508
2023-06-26,0.0038050621956964292,-0.014693320234196783,,14.25,0.7100000381469727,-0.04999995231628418
2023-06-27,-0.00048776328387933887,-0.01625895041862968,,13.739999771118164,-0.1400003433227539,0.03899979591369629
2023-06-28,0.0081960060080144,-0.013608239819407508,,13.430000305175781,0.23000049591064453,-0.013000011444091797
2023-06-29,0.009235441795877541,-0.0021266438869806947,,13.539999961853027,0.630000114440918,0.05500006675720215
2023-06-30,9.719776479499842e-05,-0.01072830063937058,,13.59000015258789,0.15000057220458984,0.07999992370605469
2023-07-03,0.0029171104108636214,-0.00975902374577764,,13.569999694824219,-0.6800003051757812,0.13899993896484375
2023-07-04,0.00486666339542996,-0.011008216769737622,,13.569999694824219,-0.1700000762939453,0.09000015258789062
2023-07-05,0.004459955717237563,-0.0070371498123131815,,14.180000305175781,0.75,0.2349998950958252
2023-07-06,-0.0016463920572089563,-0.0016463920572089563,,15.4399995803833,1.8999996185302734,0.18699979782104492
2023-07-07,-0.006238513439858373,-0.012534789314841532,,14.829999923706055,1.239999771118164,0.23100018501281738
2023-07-10,-0.009953211048261856,-0.01614817234505761,,15.069999694824219,1.5,0.14800000190734863
2023-07-11,-0.012309597591475985,-0.01570220961743729,,14.84000015258789,1.2700004577636719,0.12199997901916504
2023-07-12,-0.02795813187107843,-0.024469412353977482,,13.539999961853027,-0.6400003433227539,-0.0839998722076416
2023-07-13,-0.033510592085655766,-0.02328111599022442,,13.609999656677246,-1.8299999237060547,-0.2799999713897705
2023-07-14,-0.023346524594686002,-0.023639885390025484,,13.34000015258789,-1.489999771118164,-0.23100018501281738
2023-07-17,-0.021109796405997194,-0.024340834847699,,13.479999542236328,-1.5900001525878906,-0.2090001106262207
2023-07-18,-0.017752247459340786,-0.02568294493926615,,13.300000190734863,-1.5399999618530273,-0.19099998474121094
2023-07-19,-0.0023904181625669096,-0.017692588308393375,,13.760000228881836,0.2200002670288086,-0.11899995803833008
2023-07-20,0.011064161151742802,-0.014857381195244379,,13.989999771118164,0.38000011444091797,0.09300017356872559
2023-07-21,0.011543525668112231,-0.017944314601637146,,13.600000381469727,0.26000022888183594,0.017999887466430664
2023-07-24,0.015010989901133698,-0.013134907142261731,,13.90999984741211,0.43000030517578125,0.06000018119812012
2023-07-25,0.014009827497691418,-0.011185354157695393,,13.859999656677246,0.5599994659423828,0.12299990653991699
2023-07-26,0.006064547253468611,-0.019824047062939165,,13.1899995803833,-0.5700006484985352,0.10899996757507324
2023-07-27,0.008783667787912286,-0.015309155203209635,,14.40999984741211,0.4200000762939453,0.15799999237060547
2023-07-28,0.005427050126431077,-0.012614462240001068,,13.329999923706055,-0.2700004577636719,0.13200020790100098
2023-07-31,0.005019469606052596,-0.011032547947072757,,13.630000114440918,-0.2799997329711914,0.10199999809265137
2023-08-01,0.009329844946565302,-0.006722172606560051,,13.930000305175781,0.07000064849853516,0.13900017738342285
2023-08-02,0.0167096180324533,-0.007574384747723428,,16.09000015258789,2.90000057220459,0.22699999809265137
2023-08-03,0.007537643065697708,-0.00612512008030297,,15.920000076293945,1.510000228881836,0.1770000457763672
2023-08-04,0.0039284463965651994,-0.002447502403577495,,17.100000381469727,3.770000457763672,0.09099984169006348
2023-08-07,0.0018635917118663414,0.0007842548130554405,,15.770000457763672,2.140000343322754,0.11899995803833008
2023-08-08,0.0022457239871505053,0.00783314897206644,,15.989999771118164,2.059999465942383,-0.02500009536743164
2023-08-09,-0.0009752144029029353,0.019408532720452065,,15.960000038146973,-0.13000011444091797,-0.06599998474121094
2023-08-10,-0.00019510653235688125,0.027190365472995914,,15.850000381469727,-0.06999969482421875,-0.10900020599365234
2023-08-11,0.008005507197793804,0.02890452938890231,,14.84000015258789,-2.260000228881836,0.10800027847290039
2023-08-14,0.011109053626563892,0.03300310484561653,,14.819999694824219,-0.9500007629394531,0.10599994659423828
2023-08-15,0.006610311931127377,0.0321957083625346,,16.459999084472656,0.4699993133544922,0.19500017166137695
2023-08-16,0.009033137262875357,0.030832088145894332,,16.780000686645508,0.8200006484985352,0.24599981307983398
2023-08-17,0.008933889314063137,0.02506009363531625,,17.889999389648438,2.039999008178711,0.22800016403198242
2023-08-18,0.00523714641215367,0.02259815013294375,,17.299999237060547,2.4599990844726562,0.08299970626831055
2023-08-21,0.0013557951597666928,0.01934791010424952,,17.1299991607666,2.309999465942383,0.15799999237060547
2023-08-22,0.0033853926012241686,0.021571273466067353,,16.969999313354492,0.5100002288818359,0.10699987411499023
2023-08-23,-0.0005803033236446709,0.02418723756878105,,15.979999542236328,-0.8000011444091797,-0.059999942779541016
2023-08-24,0.00520684717423503,0.021483273021638993,,17.200000762939453,-0.6899986267089844,-0.07299995422363281
2023-08-25,0.00674835859694678,0.023919458603459454,,15.680000305175781,-1.6199989318847656,-0.012000083923339844
2023-08-28,0.00703986445391358,0.021368304952110506,,15.079999923706055,-2.049999237060547,-0.13000011444091797
2023-08-29,-9.651399559906793e-05,0.012144914523902983,,14.449999809265137,-2.5199995040893555,-0.20599985122680664
2023-08-30,-0.001936829426936626,0.005540790109391125,,13.880000114440918,-2.09999942779541,-0.07999992370605469
2023-08-31,-0.0034682173470512723,0.010477412608890013,,13.569999694824219,-3.6300010681152344,-0.1420001983642578
2023-09-01,0.001536060526191818,0.021527072733086072,,13.09000015258789,-2.5900001525878906,-0.06599998474121094
2023-09-04,0.0017282799225712964,0.02123299316281546,,13.09000015258789,-1.989999771118164,-0.03900003433227539
2023-09-05,0.012094546575509568,0.021993737112262046,,14.010000228881836,-0.4399995803833008,0.14599990844726562
2023-09-06,0.0163449164525602,0.02286092096485426,,14.449999809265137,0.5699996948242188,0.17199993133544922
2023-09-07,0.013801204394671807,0.0244737235359187,,14.399999618530273,0.8299999237060547,0.16700029373168945
2023-09-08,0.008121178706937293,0.02164274424222956,,13.84000015258789,0.75,0.08500003814697266
2023-09-11,0.003160788368906431,0.013284727905158,,13.800000190734863,0.7100000381469727,0.11500024795532227
2023-09-12,-0.0009545483325332782,0.01442887684860139,,14.229999542236328,0.2199993133544922,-0.004000186920166016
2023-09-13,-0.0008586936411276724,0.01296909006085123,,13.479999542236328,-0.9700002670288086,-0.0409998893737793
2023-09-14,0.0033259507210656736,0.018865784942921238,,12.819999694824219,-1.5799999237060547,0.0279998779296875
2023-09-15,0.0021862407003618856,0.018591838530437776,,13.789999961853027,-0.05000019073486328,0.06400012969970703
2023-09-18,0.006006570602393957,0.017935503347785264,,14.0,0.19999980926513672,0.03099966049194336
2023-09-19,0.0046686557385902105,0.015712139985967433,,14.109999656677246,-0.11999988555908203,0.10099983215332031
2023-09-20,0.003715595361954982,0.017264988746450882,,15.140000343322754,1.6600008010864258,0.09999990463256836
2023-09-21,-0.00047447978063619445,0.013184457988050013,,17.540000915527344,4.720001220703125,0.1919999122619629
2023-09-22,0.0024656450077849,0.014309124941275897,,17.200000762939453,3.410000801086426,0.11600017547607422
2023-09-25,0.0075758228175626385,0.018471461711434323,,16.899999618530273,2.8999996185302734,0.22300004959106445
2023-09-26,0.009743315098035055,0.025551969079601555,,18.940000534057617,4.830000877380371,0.19300031661987305
2023-09-27,0.014256904785943547,0.033458722959331055,,18.219999313354492,3.0799989700317383,0.27699995040893555
2023-09-28,0.008129363258433386,0.024782038593534672,,17.34000015258789,-0.20000076293945312,0.11700010299682617
2023-09-29,0.005572589040752085,0.018345653455836164,,17.520000457763672,0.31999969482421875,0.13499975204467773
2023-10-02,0.00845473819282283,0.025197919981685857,,17.610000610351562,0.7100009918212891,0.14100027084350586
2023-10-03,0.007222248069366444,0.02067967057345843,,19.780000686645508,0.8400001525878906,0.24399995803833008
2023-10-04,0.0012180156288152943,0.01833182213558615,,18.579999923706055,0.3600006103515625,0.10900020599365234
2023-10-05,0.0010350563970158433,0.012015890595878709,,18.489999771118164,1.1499996185302734,0.11999988555908203
2023-10-06,-0.0012251757244232664,0.008999299024475604,,17.450000762939453,-0.06999969482421875,0.2109999656677246
2023-10-09,-0.0077002886062640385,0.014336843006515387,,17.700000762939453,0.09000015258789062,0.11399984359741211
2023-10-10,-0.010994784054423334,0.010639434851568375,,17.030000686645508,-2.75,-0.14699983596801758
2023-10-11,-0.009218420508533498,0.009972095268180325,,16.09000015258789,-2.489999771118164,-0.1400003433227539
2023-10-12,0.0022545604857615587,0.010944500360574594,,16.690000534057617,-1.7999992370605469,-0.005000114440917969
2023-10-13,0.005736069170093394,0.012549127494207113,,19.31999969482422,1.8699989318847656,-0.1549997329711914
2023-10-16,0.0015071219219064957,0.009837394326027926,,17.209999084472656,-0.4900016784667969,-0.08500003814697266
2023-10-17,0.003960757397043935,0.009931536510022099,,17.8799991607666,0.8499984741210938,0.1919999122619629
2023-10-18,0.007062508777174514,0.013319008683399858,,19.219999313354492,3.1299991607666016,0.30900001525878906
2023-10-19,-0.0030072355647199345,0.008411744576490854,,21.399999618530273,4.709999084472656,0.2760000228881836
2023-10-20,-0.004605034704626476,0.005478447781795737,,21.709999084472656,2.3899993896484375,0.2949995994567871
2023-10-23,-0.006610628968314991,-0.004349057459849703,,20.3700008392334,3.160001754760742,0.12599992752075195
2023-10-24,0.00018818599135350667,0.00037640740334055067,,18.969999313354492,1.0900001525878906,-0.006999969482421875
2023-10-25,-0.00037541920491346303,-0.0013133153074571524,,20.190000534057617,0.970001220703125,0.04900026321411133
2023-10-26,0.003288689613156315,0.0035710709312137823,,20.68000030517578,-0.7199993133544922,-0.14300012588500977
2023-10-27,0.0037607593609001455,0.003666618101943797,,21.270000457763672,-0.4399986267089844,-0.07899999618530273
2023-10-30,0.005480518499171971,-0.0073232771535005625,,19.75,-0.6200008392333984,0.037000179290771484
2023-10-31,0.003663245710996854,-0.003182594955029039,,18.139999389648438,-0.8299999237060547,0.034999847412109375
2023-11-01,0.003280059926191292,0.0007487289899188454,,16.8700008392334,-3.3199996948242188,-0.1640000343322754
2023-11-02,-0.004512942266293507,-0.001976927732095568,,15.65999984741211,-5.020000457763672,-0.17599964141845703
2023-11-03,-0.014557407635979125,-0.009665613809612061,,14.90999984741211,-6.3600006103515625,-0.2869997024536133
2023-11-06,-0.008517147247292023,-0.008140135794528547,,14.890000343322754,-4.859999656677246,-0.21299982070922852
2023-11-07,-0.010556202854659524,-0.002744013755265229,,14.8100004196167,-3.3299989700317383,-0.3039999008178711
2023-11-08,-0.012143048954452063,-0.002175899455999719,,14.449999809265137,-2.4200010299682617,-0.26600027084350586
2023-11-09,-0.0019808437182522454,-0.006212331936109372,,15.289999961853027,-0.36999988555908203,-0.03900003433227539
2023-11-10,0.00796669595048538,-0.007434987029220075,,14.170000076293945,-0.7399997711181641,0.06999969482421875
2023-11-13,0.004173018491445468,-0.005474239224989574,,14.760000228881836,-0.13000011444091797,-0.03000020980834961
2023-11-14,-0.013641998302991176,-0.02034676945530034,,14.15999984741211,-0.6500005722045898,-0.13000011444091797
2023-11-15,-0.011429755562704536,-0.02066816379587877,,14.180000305175781,-0.26999950408935547,0.012000083923339844
2023-11-16,-0.014647407285357517,-0.017852503656746954,,14.319999694824219,-0.9700002670288086,-0.18499994277954102
2023-11-17,-0.019458844735877,-0.0222887970604706,,13.800000190734863,-0.36999988555908203,-0.18699979782104492
2023-11-20,-0.020944698981030463,-0.019808309237705046,,13.40999984741211,-1.3500003814697266,-0.21000003814697266
2023-11-21,-0.005007273631174591,-0.025542229077828438,,13.350000381469727,-0.8099994659423828,-0.02299976348876953
2023-11-22,-0.004512524830872167,-0.024805269421837473,,12.850000381469727,-1.3299999237060547,-0.11899995803833008
2023-11-23,-0.004320949405284047,-0.025462142675187316,,12.850000381469727,-1.4699993133544922,-0.029000282287597656
2023-11-24,-0.004053650628234706,-0.03010320704960545,,12.460000038146973,-1.3400001525878906,0.031000137329101562
2023-11-27,-0.002612903938346456,-0.027901731675223473,,12.6899995803833,-0.7200002670288086,-0.03299999237060547
2023-11-28,-0.008141911341707164,-0.037347386130532456,,12.6899995803833,-0.6600008010864258,-0.0820002555847168
2023-11-29,-0.011127905770043078,-0.03921323511807184,,12.979999542236328,0.12999916076660156,-0.14499998092651367
2023-11-30,-0.0040497420370719794,-0.02499894244596579,,12.920000076293945,0.06999969482421875,-0.06399965286254883
2023-12-01,-0.0012580916544440157,-0.016803891068070342,,12.630000114440918,0.1700000762939453,-0.2460002899169922
2023-12-04,0.004254526328592689,-0.015130058099338761,,13.079999923706055,0.3900003433227539,-0.10099983215332031
2023-12-05,0.012572728793022847,-0.014218454482850085,,12.850000381469727,0.16000080108642578,-0.16499996185302734
2023-12-06,0.013338733385309887,-0.013731452778309894,,12.970000267028809,-0.009999275207519531,-0.15000009536743164
2023-12-07,0.0003864076105895009,-0.022631691117124042,,13.0600004196167,0.1400003433227539,-0.22300004959106445
2023-12-08,0.007140183726809468,-0.017630403291746255,,12.350000381469727,-0.2799997329711914,0.01900005340576172
2023-12-11,0.00442861115834603,-0.0148744654324382,,12.630000114440918,-0.4499998092651367,-0.04900026321411133
2023-12-12,-0.0017314384871518484,-0.002307894667010757,,12.069999694824219,-0.7800006866455078,0.034999847412109375
2023-12-13,-0.012366100515280642,-0.014667797730886,,12.1899995803833,-0.7800006866455078,-0.08799982070922852
2023-12-14,-0.015377449787377984,-0.02336173361914451,,12.479999542236328,-0.5800008773803711,-0.19900012016296387
2023-12-15,-0.014136554626624331,-0.012308113182493585,,12.279999732971191,-0.07000064849853516,-0.3169999122619629
2023-12-18,-0.015391585328554669,-0.009321351779962406,,12.5600004196167,-0.06999969482421875,-0.2849998474121094
2023-12-19,-0.01650206900053064,-0.013802690036366805,,12.529999732971191,0.46000003814697266,-0.2839999198913574
2023-12-20,-0.0044816819958413134,-0.014636954895855148,,13.670000076293945,1.4800004959106445,-0.15599989891052246
2023-12-21,-0.0011776522389244093,-0.02021843645278487,,13.649999618530273,1.1700000762939453,-0.03600001335144043
2023-12-22,-0.008323241230057121,-0.016577703784316,,13.029999732971191,0.75,-0.026999950408935547
2023-12-25,-0.007933102587487362,-0.014641550429103312,,13.029999732971191,0.4699993133544922,-0.05299997329711914
2023-12-26,-0.006874874360505601,-0.012535653055165241,,12.989999771118164,0.46000003814697266,-0.03600001335144043
2023-12-27,-0.013962918961065718,-0.017471968086877787,,12.430000305175781,-1.239999771118164,-0.08800005912780762
2023-12-28,-0.006007729517600424,-0.022176423933313316,,12.470000267028809,-1.1799993515014648,-0.04400014877319336
2023-12-29,-0.0036447375166233087,-0.018964349646495293,,12.449999809265137,-0.5799999237060547,-0.03500008583068848
2024-01-01,-0.0036447375166233087,-0.02254081427431931,,12.449999809265137,-0.5799999237060547,-0.03500008583068848
2024-01-02,0.007168447587780236,-0.017939934260407853,,13.199999809265137,0.21000003814697266,0.06000018119812012
2024-01-03,0.014450988690020594,-0.01635971278216708,,14.039999961853027,1.609999656677246,0.11800003051757812
2024-01-04,0.011686799384392543,-0.010876032159510274,,14.130000114440918,1.6599998474121094,0.14100003242492676
2024-01-05,0.010601864316201137,-0.015502669057103624,,13.350000381469727,0.9000005722045898,0.17599987983703613
2024-01-08,0.008646975853229044,-0.018322449579436295,,13.079999923706055,0.630000114440918,0.1359999179840088
2024-01-09,0.0036138414350679327,-0.012594654338188072,,12.760000228881836,-0.4399995803833008,0.07299995422363281
2024-01-10,-0.0009764523212130172,-0.004970064588099454,,12.6899995803833,-1.3500003814697266,0.1230001449584961
2024-01-11,-0.0012700627372757012,0.0032313548905920086,,12.4399995803833,-1.6900005340576172,-0.01399993896484375
2024-01-12,-9.767234007185266e-05,-0.0014637867705511454,,12.699999809265137,-0.6500005722045898,-0.09199976921081543
2024-01-15,0.0018572161229002404,-0.0010736481279813859,,12.699999809265137,-0.38000011444091797,-0.051999807357788086
2024-01-16,0.007672556595368363,0.01157997125771093,,13.84000015258789,1.0799999237060547,0.04699993133544922
2024-01-17,0.010592357437335664,0.010103974845077524,,14.789999961853027,2.1000003814697266,0.07599973678588867
2024-01-18,0.012146094896785975,0.016555102026302393,,14.130000114440918,1.6900005340576172,0.16700005531311035
2024-01-19,0.008653847375632573,0.015513301835138549,,13.300000190734863,0.6000003814697266,0.1959998607635498
2024-01-22,0.009041040440150638,0.015900494899656614,,13.1899995803833,0.48999977111816406,0.14399981498718262
2024-01-23,0.002512341953538666,0.020967187571755197,,12.550000190734863,-1.2899999618530273,0.07600021362304688
2024-01-24,-0.0020320205331927355,0.022034873272950506,,13.140000343322754,-1.6499996185302734,0.07200002670288086
2024-01-25,0.00028968933820916476,0.022852520882111982,,13.449999809265137,-0.6800003051757812,-0.012000083923339844
2024-01-26,0.0017411525323112187,0.020899191884073076,,13.260000228881836,-0.039999961853027344,0.01399993896484375
2024-01-29,0.002706088207797386,0.02225132062407731,,13.600000381469727,0.4100008010864258,-0.0029997825622558594
2024-01-30,-0.0021254110615558375,0.011673328922419124,,13.3100004196167,0.7600002288818359,-0.08300018310546875
2024-01-31,0.0002905310184093679,0.00787441560133928,,14.350000381469727,1.2100000381469727,-0.2109999656677246
2024-02-01,-0.005033372703413974,0.006132348794305464,,13.880000114440918,0.43000030517578125,-0.2690000534057617
2024-02-02,0.004339627327983209,0.014636954895855148,,13.850000381469727,0.5900001525878906,-0.1269998550415039
2024-02-05,0.008074602630654404,0.02167894740150267,,13.670000076293945,0.06999969482421875,0.07299995422363281
2024-02-06,0.007515198414979274,0.015574685902330465,,13.0600004196167,-0.25,0.031000137329101562
2024-02-07,0.007428564203279642,0.01627943212583194,,12.829999923706055,-1.5200004577636719,0.14300012588500977
2024-02-08,0.010617845406954096,0.018020256938535262,,12.789999961853027,-1.0900001525878906,0.30700016021728516
2024-02-09,0.0015384970545166965,0.016273124290443697,,12.930000305175781,-0.9200000762939453,0.15399980545043945
2024-02-12,-0.0026842963663762376,0.01713743491222619,,13.930000305175781,0.26000022888183594,0.007999897003173828
2024-02-13,0.007459141226790145,0.015361270533752247,,15.850000381469727,2.7899999618530273,0.2259998321533203
2024-02-14,0.006514683878259042,0.012201758566755316,,14.380000114440918,1.5500001907348633,0.15700006484985352
2024-02-15,0.0014392089083870019,0.007313370950136289,,14.010000228881836,1.2200002670288086,0.06999969482421875
2024-02-16,0.0019197255622751541,0.009539002477086278,,14.239999771118164,1.3099994659423828,0.10800027847290039
2024-02-19,0.0010554149404926605,0.009151809412568213,,14.239999771118164,0.3099994659423828,0.1230001449584961
2024-02-20,-0.008419464676135746,0.004429463904077835,,15.420000076293945,-0.43000030517578125,-0.0409998893737793
2024-02-21,-0.006803064354729216,0.007430714745218836,,15.34000015258789,0.9600000381469727,0.057999610900878906
2024-02-22,-0.00326519029939476,0.003758491312532364,,14.539999961853027,0.5299997329711914,0.08700037002563477
2024-02-23,-0.0032657442903802902,0.004532105654394769,,13.75,-0.48999977111816406,-0.034999847412109375
2024-02-26,-0.004324613408803302,0.002121107795967525,,13.739999771118164,-0.5,0.0039997100830078125
2024-02-27,-0.0024048878465281476,0.004149987119105525,,13.430000305175781,-1.989999771118164,0.039999961853027344
2024-02-28,-0.00028846366375834265,0.0068517200630511255,,13.84000015258789,-1.5,-0.05099964141845703
2024-02-29,0.0019220126520043124,0.01071387666795065,,13.399999618530273,-1.140000343322754,-0.07500028610229492
2024-03-01,-0.0007699887760583835,-0.0005775104496468231,,13.109999656677246,-0.6400003433227539,-0.08000040054321289
2024-03-04,0.0,-0.005953494834686879,,13.489999771118164,-0.25,-0.07999992370605469
2024-03-05,-0.0002889638183320997,-0.0036541751142058487,,14.460000038146973,1.0299997329711914,-0.17799997329711914
2024-03-06,-0.005883794089194261,-0.006460638229422777,,14.5,0.6599998474121094,-0.1700000762939453
2024-03-07,-0.012948329959458604,-0.01285229869846205,,14.4399995803833,1.0399999618530273,-0.15999984741210938
2024-03-08,-0.010842340046314902,-0.012958347550478422,,14.739999771118164,1.630000114440918,-0.09099960327148438
2024-03-11,-0.009288882108002383,-0.012558080576313024,,15.220000267028809,1.7300004959106445,-0.11499977111816406
2024-03-12,-0.00812544573634888,-0.019238762077344873,,13.84000015258789,-0.619999885559082,0.018000125885009766
2024-03-13,-0.005626730219185916,-0.018602052326867735,,13.75,-0.75,0.08799982070922852
2024-03-14,0.0052381622800954375,-0.009053345326753615,,14.399999618530273,-0.039999961853027344,0.20599985122680664
2024-03-15,0.006693554093732068,-0.008184519019021508,,14.40999984741211,-0.3299999237060547,0.21499967575073242
2024-03-18,0.006878196830949257,-0.006735298685856428,,14.329999923706055,-0.8900003433227539,0.23600006103515625
2024-03-19,0.008221727291324754,-0.002597570109884373,,13.819999694824219,-0.020000457763671875,0.1419997215270996
2024-03-20,0.006013623678771118,-0.005785364293367401,,13.039999961853027,-0.7100000381469727,0.08099985122680664
2024-03-21,0.006172853201976913,0.0003846981746180589,,12.920000076293945,-1.4799995422363281,-0.026999950408935547
2024-03-22,0.009621935073491628,0.00470316034485041,,13.0600004196167,-1.3499994277954102,-0.08599996566772461
2024-03-25,0.006255749284780343,0.003845064007727217,,13.1899995803833,-1.140000343322754,-0.08700037002563477
2024-03-26,0.004613207224662297,0.0044205249613060715,,13.239999771118164,-0.5799999237060547,-0.06299972534179688
2024-03-27,0.009048914290131549,0.0035520136605224906,,12.779999732971191,-0.26000022888183594,-0.07699966430664062
2024-03-28,0.005274555922727409,0.003737241445341155,,13.010000228881836,0.09000015258789062,-0.06500005722045898
2024-03-29,0.001148461650342547,0.0066216107712513406,,13.010000228881836,-0.05000019073486328,-0.012000083923339844
2024-04-01,0.007550748286793585,0.011395812294520802,,13.649999618530273,0.46000003814697266,0.07600021362304688
2024-04-02,0.00506910155080309,0.009778590330441261,,14.609999656677246,1.369999885559082,0.13099956512451172
2024-04-03,-0.0009587582215973001,0.008477049528119451,,14.329999923706055,1.5500001907348633,0.15899991989135742
2024-04-04,-0.00412134855872992,0.012564222846069839,,16.350000381469727,3.3400001525878906,0.10300016403198242
2024-04-05,-0.0023940637979507073,0.015069887019615535,,16.030000686645508,3.020000457763672,0.17199993133544922
2024-04-08,-0.008414634371127327,0.012270060031395857,,15.1899995803833,1.5399999618530273,0.09499979019165039
2024-04-09,-0.006412408104830902,0.011491627961959239,,14.979999542236328,0.36999988555908203,0.0010004043579101562
2024-04-10,0.009546611883580525,0.023650391630885892,,15.800000190734863,1.4700002670288086,0.2049999237060547
2024-04-11,0.011079349476812439,0.01840541004278684,,14.90999984741211,-1.4400005340576172,0.2670001983642578
2024-04-12,0.016544998788467602,0.02492133171435107,,17.309999465942383,1.279998779296875,0.12100028991699219
2024-04-15,0.01968211583959789,0.025073979040044492,,19.229999542236328,4.039999961853027,0.20399999618530273
2024-04-16,0.020056758768840943,0.023326659439475428,,18.399999618530273,3.4200000762939453,0.2929997444152832
2024-04-17,0.006628783348062051,0.024265551300176824,,18.209999084472656,2.409998893737793,0.02500009536743164
2024-04-18,0.008229746541824845,0.020462303382634772,,18.0,3.0900001525878906,0.0709996223449707
2024-04-19,0.001036812469390469,0.01633620911024991,,18.709999084472656,1.3999996185302734,0.11599969863891602
2024-04-22,-0.0012247140148495816,0.017593515740414567,,16.940000534057617,-2.289999008178711,-0.004999637603759766
2024-04-23,-0.005378637005657438,0.013334815209155693,,15.6899995803833,-2.7100000381469727,-0.06099987030029297
2024-04-24,-0.0008497837150631682,0.014366853294982107,,15.970000267028809,-2.2399988174438477,0.06699991226196289
2024-04-25,-0.005194845701456785,0.009992901758450579,,15.369999885559082,-2.630000114440918,0.05900001525878906
2024-04-26,-0.001980283362447821,0.013207464097459543,,15.029999732971191,-3.679999351501465,0.0540003776550293
2024-04-29,-0.004724566960337739,0.005318200493283243,,14.670000076293945,-2.270000457763672,-0.009000301361083984
2024-04-30,0.0050021223655232205,0.013267836023875823,,15.649999618530273,-0.039999961853027344,0.08799982070922852
2024-05-01,-0.000945075893262981,0.014380535623316426,,15.390000343322754,-0.5799999237060547,-0.057000160217285156
2024-05-02,-0.0028449087010651297,0.01126934161611537,,14.680000305175781,-0.6899995803833008,-0.13499975204467773
2024-05-03,-0.008626907149299257,0.006974620746110993,,13.489999771118164,-1.5399999618530273,-0.16900014877319336
2024-05-06,-0.0050325203967522825,0.008700314467658288,,13.489999771118164,-1.1800003051757812,-0.125
2024-05-07,-0.007654883477797192,0.012025360650909533,,13.229999542236328,-2.4200000762939453,-0.22300004959106445
2024-05-08,-0.0019875930949861953,0.002846330644749706,,13.0,-2.390000343322754,-0.10299968719482422
2024-05-09,-0.0006649854678473233,-0.000474993328544393,,12.6899995803833,-1.9900007247924805,-0.12200021743774414
2024-05-10,0.002662346197202403,-0.0069080318451542055,,12.550000190734863,-0.9399995803833008,0.004000186920166016
2024-05-13,0.001616951562561475,-0.009364849809378128,,13.600000381469727,0.1100006103515625,-0.007999897003173828
2024-05-14,-0.0038019389476549037,-0.011833337065586313,,13.420000076293945,0.1900005340576172,-0.017999649047851562
2024-05-15,-0.01143418430673293,-0.015216637010045275,,12.449999809265137,-0.5500001907348633,-0.1360001564025879
2024-05-16,-0.007344248409867582,-0.01604898828023682,,12.420000076293945,-0.26999950408935547,-0.07200002670288086
2024-05-17,-0.008199899424291779,-0.016144743738836453,,11.989999771118164,-0.5600004196166992,-0.0840001106262207
2024-05-20,-0.0061967072119868405,-0.014336843006515387,,12.149999618530273,-1.4500007629394531,-0.04400014877319336
2024-05-21,-0.00333856812642086,-0.009793268186349735,,11.859999656677246,-1.5600004196166992,-0.031000137329101562
2024-05-22,0.005638162622839893,-0.008728690672142214,,12.289999961853027,-0.15999984741210938,0.07800006866455078
2024-05-23,0.006203212398281366,-0.004650930180498669,,12.770000457763672,0.35000038146972656,0.09800004959106445
2024-05-24,0.0025816744733022645,-0.011582785903086368,,11.930000305175781,-0.05999946594238281,0.04699993133544922
2024-05-27,0.0014334325663627467,-0.008178843479814901,,11.930000305175781,-0.2199993133544922,0.03000020980834961
2024-05-28,-0.00047788074438326333,-0.015273271296256219,,12.920000076293945,1.0600004196166992,0.12799978256225586
2024-05-29,0.0015234818412039886,-0.006260132937675245,,14.279999732971191,1.989999771118164,0.19000005722045898
2024-05-30,-0.0037172933835787347,-0.005523314863012274,,14.470000267028809,1.6999998092651367,0.07899999618530273
2024-05-31,-0.000477606885276316,-0.003433485639063427,,12.920000076293945,0.9899997711181641,0.04699993133544922
2024-06-03,-0.005553991384595669,-0.008700314467658288,,13.109999656677246,1.1799993515014648,-0.06500005722045898
2024-06-04,-0.004791116840986653,-0.01240950465944568,,13.15999984741211,0.23999977111816406,-0.20599985122680664
2024-06-05,-0.007928606757675816,-0.012201146600364865,,12.630000114440918,-1.6499996185302734,-0.33500003814697266
2024-06-06,-0.005938172295368638,-0.010796501690533589,,12.579999923706055,-1.890000343322754,-0.27299976348876953
2024-06-07,0.002099649781347246,-0.0039961820549185845,,12.220000267028809,-0.6999998092651367,-0.0840001106262207
2024-06-10,0.00965177478628032,-0.0006654912439394423,,12.739999771118164,-0.36999988555908203,0.06699991226196289
2024-06-11,0.010700424304411982,0.002092858592621205,,12.850000381469727,-0.3099994659423828,0.06799983978271484
2024-06-12,0.003637806865914861,0.0028708445722829268,,12.039999961853027,-0.5900001525878906,0.006000041961669922
2024-06-13,0.010511310331399848,0.007059057050733841,,11.9399995803833,-0.6400003433227539,-0.043000221252441406
2024-06-14,0.006272627052696933,0.010476344422070127,,12.65999984741211,0.4399995803833008,-0.21700000762939453
2024-06-17,0.0016154150703453496,0.007146631038392748,,12.75,0.010000228881835938,-0.19000005722045898
2024-06-18,0.00028503756679310044,0.0057164642858351655,,12.300000190734863,-0.5500001907348633,-0.18699979782104492
2024-06-19,0.005812036747640192,0.0030447186970832263,,12.300000190734863,0.26000022888183594,-0.07800006866455078
2024-06-20,0.0037003638415677997,0.004556208494020275,,13.279999732971191,1.3400001525878906,0.01600027084350586
2024-06-21,0.002365745061549518,0.01026041501031738,,13.199999809265137,0.5399999618530273,0.04400014877319336
2024-06-24,0.0014232321319562757,0.007136430603986277,,13.329999923706055,0.5799999237060547,-0.03099966049194336
2024-06-25,0.0033195693172487495,0.009513914347467178,,12.84000015258789,0.5399999618530273,0.020999908447265625
2024-06-26,0.00747720956685427,0.008998446422733508,,12.550000190734863,0.25,0.0989999771118164
2024-06-27,0.0030260762970648614,0.011299578174663871,,12.239999771118164,-1.0399999618530273,0.03399991989135742
2024-06-28,0.0006614040294659063,0.011399425925059603,,12.4399995803833,-0.7600002288818359,0.08599996566772461
2024-07-01,0.0040687031535782126,0.01675912514216016,,12.220000267028809,-1.109999656677246,0.23099994659423828
2024-07-02,0.001041031744976273,0.015346062933430105,,12.029999732971191,-0.8100004196166992,0.1979999542236328
2024-07-03,-0.006148059202994105,0.010778993977415219,,12.09000015258789,-0.46000003814697266,0.03900003433227539
2024-07-04,-0.0048270608488456546,0.012410689621186854,,12.09000015258789,-0.14999961853027344,0.06699991226196289
2024-07-05,-0.009395139030665689,-9.536288695333184e-05,,12.479999542236328,0.039999961853027344,-0.0710000991821289
2024-07-08,-0.008439662955020744,-0.0013323125991409057,,12.369999885559082,0.14999961853027344,-0.21000003814697266
2024-07-09,-0.005691520418293017,-0.001045881789274894,,12.510000228881836,0.48000049591064453,-0.1359996795654297
2024-07-10,-0.003326194242755598,0.00381499286874476,,12.850000381469727,0.7600002288818359,-0.07499980926513672
2024-07-11,-0.00914988337720235,-0.007250504087415344,,12.920000076293945,0.8299999237060547,-0.16200017929077148
2024-07-12,-0.007560938922358318,-0.013928928862008583,,12.460000038146973,-0.01999950408935547,-0.08299970626831055
2024-07-15,-0.007839425204673844,-0.0107871528741601,,13.119999885559082,0.75,-0.039999961853027344
2024-07-16,-0.008118924257487059,-0.009449843613555053,,13.1899995803833,0.6799993515014648,-0.13300037384033203
2024-07-17,-0.012452297230727716,-0.014449341109623148,,14.479999542236328,1.6299991607666016,-0.13400030136108398
2024-07-18,-0.0025886047882943686,-0.013539472717277512,,15.930000305175781,3.010000228881836,-0.0039997100830078125
2024-07-19,0.002973815719004236,-0.013320858204553865,,16.520000457763672,4.060000419616699,0.04999971389770508
2024-07-22,0.00115103242624226,-0.011059352579874115,,14.90999984741211,1.7899999618530273,0.031000137329101562
2024-07-23,0.0017248021782947376,-0.011044610752509065,,14.720000267028809,1.5300006866455078,0.07200002670288086
2024-07-24,0.006149720462559571,-0.015776830213917847,,18.040000915527344,3.5600013732910156,0.1399998664855957
2024-07-25,0.0018223036982529806,-0.014743245316089393,,18.459999084472656,2.529998779296875,0.06699991226196289
2024-07-26,-0.0007665948112753895,-0.01474885704529516,,16.389999389648438,-0.13000106811523438,-0.03900003433227539
2024-07-29,0.0023938346840477465,-0.012734221049404582,,16.600000381469727,1.6900005340576172,-0.0820002555847168
2024-07-30,0.0009569962789290898,-0.011128646218556248,,17.690000534057617,2.9700002670288086,-0.09599971771240234
2024-07-31,-0.002781918610263112,-0.012410689621186854,,16.360000610351562,-1.6800003051757812,-0.17699956893920898
2024-08-01,0.0005747443298798061,-0.009341440137363932,,18.59000015258789,0.13000106811523438,-0.2799999713897705
2024-08-02,-0.010697356545648518,-0.01605107456027799,,23.389999389648438,7.0,-0.40799975395202637
2024-08-05,-0.018046280981901752,-0.02234083907628559,,38.56999969482422,21.969999313354492,-0.39299988746643066
2024-08-06,-0.01522775954050104,-0.020664885340764272,,27.709999084472656,10.019998550415039,-0.25500011444091797
2024-08-07,-0.008683137486938719,-0.017767632865369976,,27.850000381469727,11.489999771118164,-0.14100027084350586
2024-08-08,-0.011655471739614676,-0.011847028499776258,,23.790000915527344,5.200000762939453,0.020999908447265625
2024-08-09,-0.0006784560021992903,-0.009168591640118962,,20.3700008392334,-3.019998550415039,0.14999985694885254
2024-08-12,0.004372517720382163,-0.010128896151229583,,20.709999084472656,-17.860000610351562,0.12399983406066895
2024-08-13,-0.003989726155902318,-0.01653568723917953,,18.1200008392334,-9.589998245239258,-0.03600001335144043
2024-08-14,-0.006123334132138503,-0.011438669766780762,,16.190000534057617,-11.65999984741211,-0.14800000190734863
2024-08-15,-0.0022309114913996453,-0.011489335202881534,,15.229999542236328,-8.560001373291016,-0.0709998607635498
2024-08-16,-0.006614813129518282,-0.01875722048864148,,14.800000190734863,-5.570000648498535,-0.04999995231628418
2024-08-19,-0.01219348870921877,-0.023473417286690612,,14.649999618530273,-6.059999465942383,-0.04199981689453125
2024-08-20,-0.010980454611290824,-0.029240944028765092,,15.880000114440918,-2.2400007247924805,-0.03399991989135742
2024-08-21,-0.015029002240752654,-0.03261739247009299,,16.270000457763672,0.07999992370605469,-0.04199981689453125
2024-08-22,-0.014377490375041546,-0.02768912927617606,,17.549999237060547,2.3199996948242188,-0.06400012969970703
2024-08-23,-0.017128067719734297,-0.03511869339710039,,15.859999656677246,1.0599994659423828,-0.08500003814697266
2024-08-26,-0.010259544725856884,-0.03612679669659524,,16.149999618530273,1.5,-0.04900002479553223
2024-08-27,-0.008812368187095743,-0.039010308494789925,,15.430000305175781,-0.4499998092651367,0.014999866485595703
2024-08-28,0.0004946858364629492,-0.029340788023366926,,17.110000610351562,0.8400001525878906,0.06299996376037598
2024-08-29,-0.0016761729299679118,-0.02994004653602378,,15.649999618530273,-1.8999996185302734,0.005000114440917969
2024-08-30,0.009682871191201592,-0.014738465660250277,,15.0,-0.8599996566772461,0.10400009155273438
2024-09-02,0.008393023777024666,-0.009687491937668824,,15.0,-1.1499996185302734,0.09299993515014648
2024-09-03,0.01264962759574928,-0.011132921358539605,,20.719999313354492,5.289999008178711,0.01100015640258789
2024-09-04,0.0026673690947678352,-0.017990281441660372,,21.31999969482422,4.209999084472656,-0.07300019264221191
2024-09-05,-0.0022721247710855152,-0.02055669956749462,,19.899999618530273,4.25,-0.1360001564025879
2024-09-06,-0.005126161167105181,-0.019186170825156168,,22.3799991607666,7.379999160766602,-0.20099997520446777
2024-09-09,-0.0014759549688934115,-0.015535964626944399,,19.450000762939453,4.450000762939453,-0.21399998664855957
2024-09-10,-0.0019660340406923993,-0.009109229243329686,,19.079999923706055,-1.6399993896484375,-0.19800019264221191
2024-09-11,0.003152087848028451,-0.008714859461493418,,17.690000534057617,-3.6299991607666016,-0.11499977111816406
2024-09-12,0.002568177349114187,-0.015757610726980786,,17.06999969482422,-2.8299999237060547,-0.05099987983703613
2024-09-13,-0.0006920727401391602,-0.013263430435777046,,16.559999465942383,-5.819999694824219,-0.059999942779541016
2024-09-16,-0.007809845392584336,-0.011152321310309965,,17.139999389648438,-2.3100013732910156,-0.07599997520446777
2024-09-17,-0.007307931753752328,-0.00543670638579119,,17.610000610351562,-1.4699993133544922,-0.003999948501586914
2024-09-18,-0.010678387384677634,-0.004364244605418399,,18.229999542236328,0.5399990081787109,0.031999826431274414
2024-09-19,-0.00752555411846334,-0.00890567447040258,,16.329999923706055,-0.7399997711181641,0.059999942779541016
2024-09-20,-0.0038646372839572507,0.0,,16.149999618530273,-0.4099998474121094,0.07799983024597168
2024-09-23,0.001586632943646471,0.00069385635919339,,15.890000343322754,-1.2499990463256836,0.11800003051757812
2024-09-24,-0.005167423180334474,-0.0017917613790299214,,15.390000343322754,-2.2200002670288086,0.09400010108947754
2024-09-25,0.0031758631313749675,-0.001683067310506381,,15.40999984741211,-2.8199996948242188,0.09599995613098145
2024-09-26,-0.000497122366581948,-0.0077266239070166165,,15.369999885559082,-0.9600000381469727,0.05099987983703613
2024-09-27,-0.0029830294832660087,-0.0126659006744676,,16.959999084472656,0.8099994659423828,0.021000146865844727
2024-09-30,-0.0013881944893325837,-0.00908736190716386,,16.729999542236328,0.8399991989135742,0.06299996376037598
2024-10-01,0.008136576678340113,-0.0063048122964390885,,19.260000228881836,3.869999885559082,0.006999969482421875
2024-10-02,0.007502524253302667,0.003152087848028451,,18.899999618530273,3.489999771118164,0.004000186920166016
2024-10-03,0.014120208313050497,0.008665709177119396,,20.489999771118164,5.119999885559082,0.05900001525878906
2024-10-04,0.020696496379092544,0.013156756871730124,,19.209999084472656,2.25,0.23199987411499023
2024-10-07,0.017313064144145685,0.009701657205875236,,22.639999389648438,5.909999847412109,0.2239999771118164
2024-10-08,0.013350552408499361,0.009011774152752672,,21.420000076293945,2.1599998474121094,0.28999996185302734
2024-10-09,0.012218518620820795,0.012218518620820795,,20.860000610351562,1.960000991821289,0.2819998264312744
2024-10-10,0.00975712707865739,0.0158546589066626,,20.93000030517578,0.4400005340576172,0.2460002899169922
2024-10-11,0.0036025817039533337,0.017451411315822618,,20.459999084472656,1.25,0.09200000762939453
2024-10-14,0.007384430384218099,0.02489593298267767,,19.700000762939453,-2.9399986267089844,0.07200002670288086
2024-10-15,0.006899585862263358,0.023219291768768358,,20.639999389648438,-0.7800006866455078,0.005000114440917969
2024-10-16,0.00639161621469686,0.02928852222019529,,19.579999923706055,-1.2800006866455078,-0.051000118255615234
2024-10-17,0.00812308855488908,0.03150330158001502,,19.110000610351562,-1.8199996948242188,0.0
2024-10-18,0.005814518582538675,0.027130567182318543,,18.030000686645508,-2.4299983978271484,0.0
2024-10-21,0.006849663235481529,0.03015896327451273,,18.3700008392334,-1.3299999237060547,0.0840001106262207
2024-10-22,0.007909751657629194,0.036296466606732025,,18.200000762939453,-2.4399986267089844,0.1659998893737793
2024-10-23,0.0080762286957059,0.03418888778452622,,19.239999771118164,-0.3400001525878906,0.22600030899047852
2024-10-24,0.0022126684501486693,0.03421309239674564,,19.079999923706055,-0.030000686645507812,0.10399961471557617
2024-10-25,0.007412830791234448,0.037526427456819,,20.329999923706055,2.299999237060547,0.15899991989135742
2024-10-28,0.002976026349217342,0.034523184113062655,,19.799999237060547,1.4299983978271484,0.09599971771240234
2024-10-29,0.0019197255622751541,0.030079615490667067,,19.34000015258789,1.1399993896484375,0.07000017166137695
2024-10-30,-0.004222273284269384,0.02246409024695417,,20.350000381469727,1.1100006103515625,0.023999691009521484
2024-10-31,-0.0007690271606470844,0.019323856923048055,,23.15999984741211,4.079999923706055,0.0840001106262207
2024-11-01,0.000191777529873427,0.017021708607599884,,21.8799991607666,1.5499992370605469,0.12900018692016602
2024-11-04,-0.004130454045499832,0.013079665923417139,,21.979999542236328,2.1800003051757812,0.031000137329101562
2024-11-05,-0.008281228096246984,0.008447834985920721,,20.489999771118164,1.1499996185302734,0.014999866485595703
2024-11-06,0.010522370900653222,0.020767942526786598,,16.270000457763672,-4.079999923706055,0.16000032424926758
2024-11-07,0.005084175806867819,0.014650905651258483,,15.199999809265137,-7.960000038146973,0.057000160217285156
2024-11-08,0.006880772798235846,0.020299899701882396,,14.9399995803833,-6.939999580383301,-0.05499982833862305
2024-11-11,0.01575739544475585,0.02145263098395489,,14.970000267028809,-7.0099992752075195,-0.0009999275207519531
2024-11-12,0.024829374633408285,0.02637762375706565,,14.710000038146973,-5.779999732971191,0.14300012588500977
2024-11-13,0.013140114583138462,0.0275164408952282,,14.020000457763672,-2.25,0.02500009536743164
2024-11-14,0.020457158424936672,0.026984975521306076,,14.3100004196167,-0.8899993896484375,0.07700014114379883
2024-11-15,0.015967105929024505,0.030452487048368226,,16.139999389648438,1.1999998092651367,0.12199974060058594
2024-11-18,0.006987072753667611,0.021590040502140972,,15.579999923706055,0.6099996566772461,0.10599994659423828
2024-11-19,0.0017905338170267626,0.020258405916463218,,16.350000381469727,1.640000343322754,-0.05299997329711914
2024-11-20,0.001876496561199481,0.02131670876072178,,17.15999984741211,3.1399993896484375,-0.04500007629394531
2024-11-21,0.002808493257889566,0.027580800329046973,,16.8700008392334,2.560000419616699,0.01399993896484375
2024-11-22,0.007470344024664399,0.030510000281798177,,15.239999771118164,-0.8999996185302734,-0.018000125885009766
2024-11-25,0.005068062648823535,0.023682076801747165,,14.600000381469727,-0.9799995422363281,-0.1490001678466797
2024-11-26,0.00750405028833967,0.025842730642527734,,14.100000381469727,-2.25,-0.07700014114379883
2024-11-27,-0.0056401584758534185,0.019898823569137747,,14.100000381469727,-3.059999465942383,-0.1640000343322754
2024-11-28,-0.008354889031053858,0.0199949384586402,,14.100000381469727,-2.770000457763672,-0.19000005722045898
2024-11-29,-0.016414569506578935,0.013903653245345815,,13.510000228881836,-1.7299995422363281,-0.23199987411499023
2024-12-02,-0.003469809383682687,0.02434272146356431,,13.34000015258789,-1.260000228881836,-0.0689997673034668
2024-12-03,-0.005998699917220129,0.02812525882155459,,13.300000190734863,-0.8000001907348633,-0.07899999618530273
2024-12-04,0.002447929939824789,0.011824382608309314,,13.449999809265137,-0.6500005722045898,-0.062000274658203125
2024-12-05,-0.0034940565787993094,0.01141670607297307,,13.539999961853027,-0.5600004196166992,-0.062000274658203125
2024-12-06,0.0021728161014387126,0.009195696548548682,,12.770000457763672,-0.7399997711181641,-0.026999950408935547
2024-12-09,-0.0028221601470184154,0.005763165871790044,,14.1899995803833,0.8499994277954102,0.0029997825622558594
2024-12-10,0.000281983163915811,0.003577867352062114,,14.180000305175781,0.880000114440918,-0.0019998550415039062
2024-12-11,0.0034733924104397573,0.002157660435610609,,13.579999923706055,0.13000011444091797,0.09100008010864258
2024-12-12,0.011755437114331357,0.002714984762367756,,13.920000076293945,0.38000011444091797,0.14400005340576172
2024-12-13,0.009672787755834023,0.002901378375358199,,13.8100004196167,1.0399999618530273,0.2480001449584961
2024-12-16,0.006666369717311049,0.005442462835433481,,14.6899995803833,0.5,0.1979999542236328
2024-12-17,0.005249332985647115,0.007036666520682466,,15.869999885559082,1.6899995803833008,0.1640000343322754
2024-12-18,0.012294088980334905,0.012575252854746033,,27.6200008392334,14.040000915527344,0.22300004959106445
2024-12-19,0.013465445219222438,0.013371936723700628,,24.09000015258789,10.170000076293945,0.2460002899169922
2024-12-20,0.005777695120478654,0.0012087294711724539,,18.360000610351562,4.550000190734863,0.125
2024-12-23,0.010981965157062845,0.011356365343672792,,16.780000686645508,2.090001106262207,0.20200014114379883
2024-12-24,0.012080836867081501,0.011613453099424298,,14.270000457763672,-1.5999994277954102,0.20599985122680664
2024-12-25,0.002126806072014098,0.02034221740261355,,14.270000457763672,-13.350000381469727,0.0970001220703125
2024-12-26,-0.002586187896675085,0.0191406378580794,,14.729999542236328,-9.360000610351562,0.008999824523925781
2024-12-27,0.0035246975418354864,0.021147996519586876,,15.949999809265137,-2.410000801086426,0.09499979019165039
2024-12-30,0.0008326441583239585,0.015658818885679437,,17.399999618530273,0.6199989318847656,-0.053999900817871094
2024-12-31,0.0021222220425451965,0.019734375059189624,,17.350000381469727,3.0799999237060547,-0.018000125885009766
2025-01-01,0.0021222220425451965,0.020016509505333957,,17.350000381469727,3.0799999237060547,-0.018000125885009766
